RespondeID,IPAddress,StartDate,EndDate,Finished,BusinessClimate_AZ,BusinessClimate_CA,BusinesClimate_CO,BusinessClimate_ID,BusinessClimate_NV,BusinessClimate_OR,BusinessClimate_UT,BusinessClimate_WA,BusinessClimate_TX,BusinessClimate_NM,State_Considered_Relocation,Visit_UT,Visit_UT_Business,Visit_UT_Pleasure,Last_Consider_UT,Recommend,Recommend_NPS,Recommend_Reason,IndustryAssocation_Manufacturing,IndustryAssocation_Software,IndustryAssocation_LifeSciences,IndustryAssocation_DataCenter,IndustryAssocation_EnergyNaturalResources,IndustryAssocation_FinancialServices,IndustryAssocation_AerospaceDefence,IndustryAssocation_Outdoors,IndustryAssocation_Others,IndustryAssocation_OthersDesc,BusinessClimate_Trajectory,Importance_ProximityMajorMarkets,Importance_Transport,Importance_ConstructionCosts,Importance_RealEstateAvailability,Importance_RealEstateCosts,Importance_TaxIncentives,Importance_TaxEnvironment,Importance_BusinessFriendlyGovt,Importance_LaborAvailabilityEntry,Importance_LaborAvailabilityExperienced,Importance_LaborCosts,Importance_QualityOfLife,Importance_CostOfLiving,Importance_LaborQuality,Importance_UtilityInfra,Importance_Population,Importance_UtilityCosts,Importance_HigherEducation,Compare_ProximityMajorMarkets,Compare_Transport,Compare_ConstructionCosts,Compare_RealEstateAvailability,Compare_RealEstateCosts,Compare_TaxIncentives,Compare_TaxEnvironment,Compare_BusinessFriendlyGovt,Compare_LaborAvailabilityEntry,Compare_LaborAvailabilityExperienced,Compare_LaborCosts,Compare_QualityOfLife,Compare_CostOfLiving,Compare_LaborQuality,Compare_UtilityInfra,Compare_Population,Compare_UtilityCosts,Compare_HigherEducation,Familiar_EDTIF,Familiar_CustomFit,Familiar_TIF,Familiar_IAF,CompareIncentivesAllStates,RateImpact_LongTerm,RateImpact_UpfrontCash,RateImpact_Rebates,RateImpact_AssessValCaps,RateImpact_FeeLieuTax,Successful_Large_Incentives,BestIncentive_State_Idaho,BestIncentive_State_Washington,BestIncentive_State_Oregon,BestIncentive_State_Montana,BestIncentive_State_Wyoming,BestIncentive_State_North Dakota,BestIncentive_State_South Dakota,BestIncentive_State_California,BestIncentive_State_Nevada,BestIncentive_State_Utah,BestIncentive_State_Arizona,BestIncentive_State_Colorado,BestIncentive_State_New Mexico,BestIncentive_State_Nebraska,BestIncentive_State_Kansas,BestIncentive_State_Oklahoma,BestIncentive_State_Texas,BestIncentive_State_Louisiana,BestIncentive_State_Arkansas,BestIncentive_State_Minnesota,BestIncentive_State_Iowa,BestIncentive_State_Missouri,BestIncentive_State_Wisconsin,BestIncentive_State_Michigan,BestIncentive_State_Illinois,BestIncentive_State_Indiana,BestIncentive_State_Kentucky,BestIncentive_State_Mississippi,BestIncentive_State_Alabama,BestIncentive_State_Florida,BestIncentive_State_Georgia,BestIncentive_State_Tennessee,BestIncentive_State_South Carolina,BestIncentive_State_North Carolina,BestIncentive_State_Virginia,BestIncentive_State_West Virginia,BestIncentive_State_Ohio,BestIncentive_State_Pennsylvania,BestIncentive_State_New York,BestIncentive_State_Maine,BestIncentive_State_Vermont,BestIncentive_State_New Hampshire,BestIncentive_State_Massachusetts,BestIncentive_State_Connecticut,BestIncentive_State_Maryland,BestIncentive_State_Rhode Island,BestIncentive_State_Delaware,BestIncentive_State_New Jersey,BestIncentiveReason_Transparency,BestIncentiveReason_AwardTimeFrame,BestIncentiveReason_FundsStructure,BestIncentiveReason_ApplicationEase,BestIncentiveReason_AmountOffered,BestIncentiveReason_Other,BestIncentiveReason_OtherDesc,Client_CustomerSupport,Client_Software,Client_LifeSciences,Client_HQ,Client_Manufacturing,Client_DistributionCenters,Client_DataCenters,Client_Others,DecisionImpact_Diversity,DecisionImpact_AlcoholLaws,DecisionImpact_AirQuality,DecisionImpact_Marijuana,DecisionImpact_ConservativePolitics,DecisionImpact_LiberalPolitocs,DecisionImpact_ArtsEntertainment,DecisionImpact_Other,DecisionImpact_OtherDesc
R_2af7VisqgTV7tm7,155.201.35.110,11/6/2017 11:02,11/6/2017 11:09,1,3,2,3,3,5,4,3,4,4,3,NV,0,0,1,Never,6,Detractor,,1,0,1,0,0,0,1,0,0,,Improving,3,3,3,3,4,4,4,4,3,3,3,3,3,3,4,3,4,3,3,3,3,5,4,3,3,3,4,4,4,3,4,4,3,3,3,4,3,3,3,3,Same,3,4,1,2,5,5,1,1,1,1,1,1,1,1,2,1,1,1,1,2,1,1,2,1,1,1,2,1,1,1,1,1,1,1,1,1,2,1,1,1,1,1,1,1,1,1,1,1,1,1,1,1,1,1,0,0,0,0,0,1,Offer refundable programs and above the line offsets.,0,0,0,0,1,1,0,0,Never,Never,Never,Never,Never,Never,,Never,
R_12JBViOGzhpuugH,24.255.44.188,11/6/2017 11:06,11/6/2017 11:17,1,4,1,4,3,4,3,4,3,5,4,CO,0,1,0,1-2 years,8,Passive,Good labor force with lower wages,1,0,1,1,1,1,1,0,0,,Improving,5,5,3,3,3,3,3,3,4,4,4,4,4,5,4,2,4,4,3,4,4,4,4,4,4,4,4,4,4,5,4,4,4,4,4,4,2,2,2,2,,1,4,2,5,3,5,1,1,1,1,1,1,1,1,2,1,1,2,1,1,1,1,2,2,1,1,1,1,1,1,1,2,1,1,1,1,1,1,1,1,1,1,1,1,1,1,1,1,1,1,1,1,1,1,1,1,1,0,1,0,,0,0,0,0,1,1,0,0,Never,Never,Often,Seldom,Seldom,Seldom,,Seldom,
R_20Nkot09RrnjSIY,70.176.163.10,11/6/2017 11:12,11/6/2017 11:22,1,3,2,3,3,4,3,4,3,5,3,TX,0,1,1,1-2 years,6,Detractor,There has been turn over at the EDC. Not sure who is running the program anymore.,1,0,1,0,1,0,0,0,0,,Donot Know,3,3,2,3,3,4,4,4,3,3,3,2,2,4,4,3,3,2,3,4,3,4,3,4,3,3,3,3,4,3,4,5,2,4,3,3,2,1,1,1,,1,4,3,2,5,1,1,1,1,1,1,1,1,1,1,1,1,1,1,1,1,1,2,1,1,1,1,1,1,1,1,1,1,1,2,1,2,2,2,1,1,1,1,1,1,1,1,1,1,1,1,1,1,1,1,0,1,0,1,0,,1,0,0,0,1,1,1,1,Seldom,Seldom,Seldom,Often,Never,Seldom,,,
R_2qecBI8laOsGj9O,192.148.115.15,11/6/2017 11:18,11/6/2017 11:30,1,4,3,4,4,4,4,4,4,5,4,TX,1,0,0,Never,5,Detractor,,1,0,0,1,0,0,1,0,0,,NoChange,4,5,5,4,4,5,5,5,4,5,5,3,4,5,4,4,5,5,3,3,3,4,3,3,3,3,3,3,3,4,4,3,3,2,3,3,1,2,1,1,,1,5,4,3,2,5,1,1,1,1,1,1,1,1,1,1,1,1,1,1,1,1,2,1,1,1,1,1,1,1,1,1,1,1,1,1,1,1,1,1,1,1,1,1,1,1,1,1,1,1,1,1,1,1,0,0,0,0,1,0,,0,0,1,1,1,0,0,0,Seldom,Never,Seldom,Never,Seldom,Seldom,,Seldom,
R_2SdBY0Bw0bS4AD2,66.64.15.194,11/6/2017 11:19,11/6/2017 11:30,1,4,2,4,4,4,2,4,2,5,3,UT,0,1,0,0-1 years,10,Promoter,Very pro business climate and tech savvy employees,0,0,1,1,1,1,1,0,0,,NoChange,4,4,4,4,4,5,5,5,5,5,5,4,4,5,4,3,4,4,3,4,3,3,3,3,5,4,3,4,3,4,4,5,4,4,4,4,3,3,3,3,Worse,1,5,3,2,4,1,1,1,1,1,1,1,1,1,1,1,1,1,1,1,1,1,2,1,1,1,1,1,1,1,1,2,1,1,1,2,2,1,2,1,1,1,1,1,1,1,1,1,1,1,1,1,1,1,1,1,1,1,1,0,,1,1,0,1,0,1,0,0,Seldom,Seldom,Never,Never,Never,Never,,Never,
R_21oVFbTsDl2mFMw,66.228.162.36,11/6/2017 11:40,11/6/2017 11:50,1,4,2,3,3,3,3,4,2,5,3,TX,0,0,1,Never,6,Detractor,,1,0,0,0,1,1,1,0,0,,NoChange,3,3,3,1,2,5,5,5,3,4,3,4,3,5,5,2,5,4,3,5,4,5,5,3,3,3,3,3,4,5,5,3,4,4,3,4,1,1,1,2,,5,2,1,4,3,4,1,1,1,1,1,1,1,1,1,1,1,1,1,1,1,1,1,1,1,1,1,1,1,1,1,1,1,1,1,1,1,1,1,1,1,1,1,1,2,1,1,1,1,1,1,1,1,1,0,0,1,1,1,0,,1,0,0,1,0,0,1,0,Seldom,Never,Often,Never,Seldom,Seldom,,Seldom,
R_3lXjR9YrCSA78D2,67.79.10.86,11/6/2017 11:46,11/6/2017 11:56,1,4,3,4,3,4,4,4,4,4,4,TX,0,0,1,2-3 years,6,Detractor,"Our expertise lies in tech, advanced manufacturing, data centers, and logistics. Utah does not have the best offerings for any of those industries. ",0,1,0,0,1,0,1,0,0,,Improving,4,5,3,4,4,4,5,4,4,4,4,3,3,5,5,2,4,4,2,3,3,4,4,3,3,4,4,3,4,3,4,4,3,3,3,3,4,4,2,4,Same,2,1,4,5,3,3,1,1,1,1,1,1,1,1,2,1,2,1,1,1,1,1,2,1,1,1,1,1,1,1,1,1,1,1,1,2,2,1,1,1,1,1,1,1,1,1,1,1,1,1,1,1,1,1,1,1,1,1,1,0,,1,1,0,1,0,0,1,0,Seldom,Never,Never,Never,Seldom,Seldom,,Seldom,
R_79uPTdegnXNUL7P,174.227.132.197,11/6/2017 11:52,11/6/2017 11:58,1,4,2,4,4,4,3,5,4,5,,TX,0,1,1,0-1 years,10,Promoter,Good place for business. Excellent workforce. ,1,1,1,0,1,1,0,0,0,,NoChange,3,4,2,3,3,3,5,5,4,5,4,4,3,5,4,3,3,4,4,4,4,4,4,3,4,5,4,4,4,5,5,5,4,4,4,5,3,2,3,3,Worse,4,5,2,3,1,5,1,1,1,1,1,1,1,1,1,1,1,1,1,1,1,1,1,1,1,1,1,1,1,1,1,1,1,1,2,1,2,2,2,2,1,1,1,1,1,1,1,1,1,1,1,1,1,1,1,0,1,1,0,0,,1,0,0,1,1,1,1,0,Often,Never,Seldom,Never,Seldom,Seldom,Never,Seldom,
R_3pfpAKwnReFZhsn,69.75.12.18,11/6/2017 11:54,11/6/2017 12:04,1,3,2,4,4,4,4,4,4,5,4,TX,0,1,0,2-3 years,7,Passive,"good climate, and more business friendly than other states",0,1,1,0,1,0,0,0,0,,Improving,4,4,3,5,5,5,5,5,3,4,5,5,5,5,3,3,3,5,5,5,4,5,5,4,4,4,4,4,5,5,5,5,4,4,4,4,1,1,1,1,,1,5,2,3,4,0,1,1,1,1,1,1,1,1,2,1,1,1,1,1,1,1,2,1,1,1,2,1,1,1,1,1,1,1,1,1,1,2,1,2,1,1,1,1,1,1,1,1,1,1,1,1,1,1,0,1,0,1,1,0,,1,0,0,1,0,0,0,0,Never,Never,Never,Never,Never,Never,,Never,
R_3ITkEnXPFhUk4jD,199.168.151.106,11/6/2017 11:57,11/6/2017 12:08,1,3,1,3,2,3,3,3,3,3,2,TX,1,0,0,1-2 years,7,Passive,"Has great potential for economic development that outweighs the high operational costs of state such as California, Arizona and Texas.",0,0,0,0,1,0,0,0,0,,Improving,3,5,4,3,3,4,4,4,4,3,4,3,3,4,4,2,4,3,3,4,4,4,4,4,4,4,4,4,4,4,4,4,4,4,4,4,2,2,1,1,,2,5,4,1,3,5,1,1,1,1,1,1,1,1,1,1,1,1,1,1,1,1,1,1,1,1,1,1,1,1,2,1,1,1,2,1,2,1,2,2,1,1,1,1,1,1,1,1,1,1,1,1,1,1,0,0,1,0,1,0,,0,0,0,0,1,1,0,0,Seldom,Seldom,Seldom,Seldom,Seldom,Seldom,,Seldom,
R_rokr80T51ctwkZH,98.22.234.4,11/6/2017 12:02,11/6/2017 12:11,1,3,2,3,4,3,2,3,2,3,3,AZ,0,1,1,0-1 years,6,Detractor,"Good market, but costs are escalating and labor market is getting tighter.",0,0,1,0,1,1,0,1,0,,NoChange,4,4,3,4,4,4,4,4,4,4,4,3,3,4,4,4,4,4,3,3,3,3,3,3,3,3,4,3,4,4,4,4,3,3,3,3,4,4,4,4,Same,1,5,2,3,4,5,1,1,1,1,1,1,1,1,1,1,1,1,1,1,1,1,1,2,2,1,1,1,1,1,1,1,1,1,1,1,1,1,2,1,1,1,2,1,1,1,1,1,1,1,1,1,1,2,1,1,1,0,1,1,Ability to craft a customized deal for a specific project is gaining importance.,1,1,1,1,1,1,1,0,Seldom,Never,Seldom,Never,Never,Never,,Seldom,
R_3dHelUBsgWOghtp,38.142.19.242,11/6/2017 12:08,11/6/2017 12:15,1,4,1,4,3,3,2,3,3,5,2,TX,0,0,1,Never,6,Detractor,"I honestly don't know a whole lot about the business climate in Utah. I do know that a number of financial services companies have operations outposts in SLC. I also know that Utah has a great quality of life, lower cost of living, and plenty of access to the great outdoors.",1,1,1,0,1,0,0,1,0,,Improving,4,4,2,4,3,2,2,2,4,4,5,3,2,5,4,4,3,2,4,4,3,4,4,3,3,3,3,3,4,4,5,3,3,3,3,3,1,1,2,2,,1,4,5,2,3,0,1,1,1,1,1,1,1,1,1,1,1,1,1,1,1,1,2,1,1,1,1,2,1,1,1,1,1,1,1,1,2,1,2,1,1,1,2,1,1,1,1,1,1,1,1,1,1,1,0,0,0,1,1,0,,0,0,0,1,1,0,0,0,Never,Seldom,Never,Seldom,Never,Never,,Never,
R_3qpyJgXE1b3qqgy,208.68.247.153,11/6/2017 12:48,11/6/2017 13:01,1,4,2,3,3,3,2,3,2,4,3,TX,0,1,1,0-1 years,7,Passive,"For the right project Utah makes a lot of sense. Likely projects include regional HQ, growing tech, back office, smaller distribution projects",0,0,1,0,1,1,0,0,0,,Improving,4,3,4,3,4,5,4,4,5,5,5,3,3,5,4,4,3,5,3,3,4,3,4,2,3,4,4,4,4,4,4,4,4,3,3,4,4,3,4,4,Same,1,2,5,3,4,5,1,1,1,1,1,1,1,1,1,1,1,1,1,1,1,1,1,2,2,1,1,1,1,1,1,1,1,1,1,1,2,2,2,1,1,1,1,1,1,1,1,1,1,1,1,1,1,1,0,1,1,1,1,0,,1,1,1,1,1,1,0,0,Seldom,Never,Never,Never,Seldom,Seldom,,Never,
R_2WBhHI80qMlJj3r,67.180.16.2,11/6/2017 12:33,11/6/2017 13:05,1,4,3,4,3,3,3,5,4,4,3,TX,0,1,1,0-1 years,9,Promoter,"Strong talent, great business environment, easy access from the Bay Area, great lifestyle, cost advantages.",0,0,0,0,1,1,1,1,0,,Improving,5,5,3,4,3,3,3,4,5,5,4,4,3,5,2,3,2,4,4,3,4,2,4,2,4,4,4,4,4,4,4,5,4,3,4,4,4,3,3,3,Worse,1,3,2,4,5,5,1,1,1,1,1,1,1,1,1,1,1,1,1,1,1,1,1,1,1,1,1,1,1,1,1,2,1,1,1,1,2,1,2,1,1,1,1,1,1,1,1,1,1,1,1,1,1,2,1,1,1,1,1,0,,0,1,1,1,0,0,0,0,Often,Never,Seldom,Never,Often,Often,,Seldom,
R_rpBK1HCChyHg2Wd,208.68.247.151,11/6/2017 12:37,11/6/2017 13:06,1,4,1,3,5,3,3,4,2,4,4,CO,0,1,0,0-1 years,7,Passive,,1,0,1,0,1,1,0,1,0,,NoChange,4,3,4,4,4,4,4,4,3,5,5,3,3,5,4,3,4,4,4,4,3,3,3,4,4,4,4,4,4,4,3,5,4,4,4,4,3,2,2,2,Same,1,5,2,4,3,5,2,1,1,1,1,1,1,1,1,1,1,1,2,1,1,1,1,2,1,1,1,1,1,1,1,1,1,1,1,1,1,1,2,1,1,1,2,1,1,1,1,1,1,1,1,1,1,1,1,1,1,1,1,1,Utility of program - e.g. refundable,1,1,1,1,1,1,0,1,Never,Never,Seldom,Seldom,Seldom,Never,Seldom,Seldom,Bathroom legislation
R_2cC9xIRAdeTV7sq,206.155.89.2,11/6/2017 13:20,11/6/2017 13:27,1,5,2,4,3,4,3,4,3,5,3,TX,0,1,0,2-3 years,7,Passive,It has been a while since I have had a project interested in Utah. So I need more information to make it a 10. I have not learned anything new about Utah in the last 3-4 years. ,0,0,0,0,0,0,0,0,1,Food,NoChange,5,5,5,5,5,5,4,5,5,5,5,3,2,5,5,3,4,3,2,3,3,4,3,3,3,4,4,4,4,5,5,4,3,4,3,4,4,1,3,4,Same,1,5,3,2,4,5,1,1,1,1,1,1,1,1,1,1,1,1,1,1,1,1,1,2,1,1,1,1,2,1,1,1,1,2,1,1,1,2,2,1,1,1,1,1,1,1,1,1,1,1,1,1,1,1,0,1,1,1,0,0,,0,0,0,1,1,1,1,0,Often,Often,Seldom,Never,Seldom,Seldom,,Seldom,
R_0upWq8BJ4Z5s6op,198.134.51.40,11/6/2017 14:04,11/6/2017 14:53,1,4,2,3,2,2,2,3,3,4,2,TX,0,1,0,1-2 years,5,Detractor,,0,0,0,0,0,0,1,0,0,,Improving,2,4,3,3,3,3,3,3,3,3,4,3,4,2,4,2,4,4,2,4,3,3,3,4,4,3,2,2,2,4,4,3,3,2,3,3,4,4,4,4,Same,,,,,,3,1,1,1,1,1,1,1,1,1,1,1,1,1,1,1,1,2,1,1,1,1,1,2,1,1,1,2,1,1,1,2,1,2,1,1,1,1,1,1,1,1,1,1,1,1,1,1,1,0,0,0,0,1,0,,0,0,0,0,1,0,0,0,Never,Never,Never,Never,Seldom,Never,,Never,
R_1JOtL7UdBOxIoLz,165.117.221.66,11/6/2017 11:03,11/6/2017 14:54,1,4,1,3,4,4,2,5,2,5,3,TX,0,1,1,0-1 years,8,Passive,,0,0,1,1,0,1,0,0,0,,Improving,3,3,4,4,4,4,4,5,4,5,5,2,2,5,4,3,4,3,3,3,3,2,3,3,4,4,3,3,3,5,4,4,4,3,3,4,4,3,3,4,Better,,,,,,5,1,1,1,1,1,1,1,1,1,1,1,1,1,1,1,1,2,1,1,1,1,1,1,1,1,1,1,1,1,1,2,1,1,2,1,1,2,1,1,1,1,1,1,1,1,1,1,2,0,1,1,0,1,0,,1,1,1,1,1,1,0,0,Never,Never,Seldom,Never,Seldom,Seldom,,Never,
R_eRL1LoHB7dOPVOF,24.75.238.68,11/6/2017 15:05,11/6/2017 15:21,1,3,2,1,4,4,3,4,2,5,4,TX,0,1,1,More than 5 years ago,7,Passive,"Companies utilize economic development support to offset Defects in the market they are siting, against the optimum competitor position.  Utah is just not agressive enough in that game.  Happy to talk if you want to know more.",1,0,0,0,0,1,1,1,0,,NoChange,3,3,4,4,4,5,5,5,3,4,4,3,4,4,4,2,4,4,3,3,3,3,3,2,3,3,3,3,3,3,4,4,3,3,3,3,4,4,4,4,Worse,1,5,4,2,3,5,1,1,1,1,1,1,1,1,1,1,1,1,1,1,1,1,2,2,2,1,1,1,1,1,1,1,1,2,2,1,1,1,1,1,1,1,1,1,1,1,1,1,1,1,1,1,1,1,0,0,0,0,1,1,"The ability to provide special legislation quickly and reliably for strategic project, flexibility in legal construction, and a good group of statutory and discretionary economic development support programs",0,0,0,0,1,0,0,0,Never,Never,Never,Never,Seldom,Seldom,,Seldom,
R_7ZNHTvp97cWCEuZ,216.82.243.84,11/6/2017 15:10,11/6/2017 15:25,1,4,2,4,4,4,4,4,3,4,4,AZ,0,1,0,1-2 years,7,Passive,"Business climate, focus on attracting new businesses, well-educated workforce, lower cost of business",0,0,1,0,1,1,0,0,0,,Improving,3,3,3,4,3,4,5,3,4,4,4,4,3,4,2,4,2,3,3,3,3,3,4,3,3,4,4,3,5,4,4,5,3,2,3,3,4,3,3,3,Same,1,4,3,2,5,5,1,1,1,1,1,1,1,1,1,1,1,1,1,1,1,1,2,1,1,1,1,1,1,1,1,1,1,1,1,1,2,1,2,2,1,1,1,1,2,1,1,1,1,1,1,1,1,1,0,1,1,0,1,0,,1,1,1,1,1,1,0,0,Seldom,Never,Seldom,Never,Seldom,Seldom,,Seldom,
R_2aVVlPdrVlfZBz0,12.12.161.138,11/6/2017 13:21,11/6/2017 16:26,1,3,5,4,3,4,3,4,4,4,2,TX,0,1,1,1-2 years,8,Passive,"Salt Lake City specifically ranks comparatively high in regards to off loading some back office functions for our clients. Due to cost, workforce and location (proximity to the Bay Area)",0,0,1,0,0,1,1,1,1,Fintech,Improving,4,3,2,3,3,5,4,3,3,4,4,3,4,4,3,3,3,5,4,4,4,3,4,3,4,4,3,3,4,4,4,4,4,3,4,3,2,2,1,2,,5,1,3,2,4,1,1,1,1,1,1,1,1,1,2,1,1,1,1,1,1,1,2,1,1,1,1,1,1,1,1,1,1,1,1,1,2,2,2,1,1,1,1,1,1,1,1,1,1,1,1,1,1,1,1,0,0,1,1,0,,1,1,1,1,0,1,1,0,Often,Never,Seldom,Never,Seldom,Seldom,,Seldom,
R_2QA54jxgUrR0fHJ,98.244.140.172,11/6/2017 16:19,11/6/2017 16:27,1,3,2,3,3,3,4,3,4,5,3,CA,0,0,1,Never,5,Detractor,"It wouldn't be among the first states I'd think of for a potential project, because I just don't know that much about it.",0,1,0,0,1,1,0,0,0,,Donot Know,5,5,4,4,4,4,4,4,4,5,5,3,3,5,4,3,4,4,2,2,3,3,3,3,3,3,3,3,3,4,3,3,3,2,3,3,1,1,1,1,,1,4,2,5,3,5,1,1,1,1,1,1,1,1,1,1,1,1,1,1,1,1,2,1,1,1,1,1,1,1,1,1,1,1,1,1,2,1,2,1,1,1,1,1,1,1,1,1,1,1,1,1,1,1,0,0,0,0,1,0,,0,0,0,0,1,1,0,0,Never,Never,Seldom,Never,Never,Never,,Never,
R_2taFQq4zlFWVrlj,198.134.52.71,11/7/2017 7:42,11/7/2017 7:59,1,3,1,5,,4,3,,4,4,,CO,0,0,1,0-1 years,5,Detractor,I recently did a project in Utah that project went ok but we played a very small role so I don't have enough recent experience to validate my findings. I haven't been to Utah in 20 years. Colorado does a great job of marketing and execution of projects so I would need a reason to make a change. ,0,0,1,0,1,0,0,0,0,,Donot Know,4,4,3,4,4,4,4,4,2,5,5,4,4,5,3,3,3,3,3,4,3,3,3,4,3,3,4,3,3,5,3,3,3,3,3,3,1,1,1,2,,1,3,2,5,4,5,1,1,1,1,1,1,1,1,1,1,1,2,1,1,1,1,1,1,1,1,1,1,1,1,1,1,1,1,2,1,1,1,2,1,1,1,1,1,1,1,1,1,1,1,1,1,1,1,1,0,0,1,1,1,The companies don't see the application process until they've made a decision but the consultants do. You want to front-load where you can but up-front cash is a risky proposition with some inbounds. Be flexible and able to provide value where the company needs assistance. ,1,0,0,1,1,1,0,0,Never,Never,Seldom,Never,Seldom,Seldom,,Seldom,Tech companies prefer liberal. All others prefer conservative. Manufacturing is usually strongly conservative. Arts and entertainment would go to quality of life. 
R_WeoMV7RlP4hn8S5,98.233.92.147,11/7/2017 8:57,11/7/2017 9:05,1,4,1,4,3,4,2,4,2,5,4,AZ,0,1,1,3-4 years,7,Passive,Overall a good business climate with a excellent quality of life.,0,0,1,1,1,1,0,0,0,,NoChange,3,3,3,3,3,4,3,4,4,4,4,3,3,5,4,2,4,3,2,3,3,4,4,3,3,4,4,4,2,5,4,5,3,3,3,4,2,2,2,2,,,,,,,3,1,1,1,1,1,1,1,1,1,1,1,1,1,1,1,2,2,2,1,1,2,1,1,1,1,2,1,1,1,1,1,1,1,1,1,1,1,1,1,1,1,1,1,1,1,1,1,1,1,1,1,1,1,0,,1,0,0,0,0,0,1,0,Seldom,Never,Never,Never,Never,Often,,Never,
R_2yeYJOcj5xU6CnJ,173.2.83.58,11/7/2017 9:54,11/7/2017 10:12,1,4,1,4,3,3,2,4,2,5,4,UT,0,1,1,2-3 years,5,Detractor,It would depend on project - 5 is an average.,0,0,1,0,1,0,1,1,1,Shared Service Centers,Donot Know,3,2,2,2,2,3,3,2,3,4,4,2,2,5,1,3,1,4,4,2,3,3,3,3,4,4,3,4,4,4,4,4,3,3,4,3,3,2,3,3,Worse,,,,,,5,1,1,1,1,1,1,1,1,1,1,1,1,2,1,1,1,1,1,1,1,1,1,1,1,1,1,1,2,1,2,1,1,1,1,1,1,1,1,1,1,1,1,1,1,1,1,1,1,1,0,0,0,1,0,,1,0,0,0,0,1,0,0,Seldom,Never,Seldom,Never,Never,Never,,Never,
R_1duc7gUNev8g0s4,76.184.84.57,11/7/2017 13:59,11/7/2017 14:06,1,4,2,3,4,3,2,4,3,4,2,TX,0,0,1,3-4 years,6,Detractor,Favorable attributes for mission critical facilities (connectivity). ,0,0,0,0,0,0,0,1,0,,Donot Know,4,3,3,3,3,5,5,5,1,3,2,2,4,2,5,4,5,3,3,4,4,4,4,2,2,3,4,4,4,4,4,4,3,4,3,4,1,1,1,1,,1,2,4,5,3,5,1,1,1,1,1,1,1,1,2,1,1,1,1,2,1,1,1,1,1,1,2,2,1,1,1,1,1,1,1,1,1,1,1,2,1,1,1,1,1,1,1,1,1,1,1,1,1,1,1,0,1,1,1,0,,0,0,0,0,0,0,1,0,Never,Never,Seldom,Never,Often,Never,,Never,
R_1hzEECy7c1nif5x,66.235.7.179,11/7/2017 14:33,11/7/2017 14:41,1,3,1,4,4,4,2,4,1,5,4,TX,0,1,1,1-2 years,8,Passive,Strong economic development presence in the Western US.,0,0,1,0,0,1,0,1,0,,Improving,4,3,2,3,3,4,4,5,3,4,4,3,3,5,3,2,3,3,2,2,4,3,4,2,3,3,3,4,4,4,3,4,3,2,2,2,4,3,3,2,Same,2,4,1,3,5,5,1,1,1,1,1,1,1,1,1,1,1,1,2,1,2,1,1,1,1,1,1,1,1,1,1,1,1,1,1,1,1,1,2,2,1,1,2,1,1,1,1,1,1,1,1,1,1,1,1,1,1,1,1,0,,1,1,1,1,1,1,0,0,Seldom,Never,Never,Never,Often,Often,,Seldom,
R_1o5yxFWNdMLqNPE,88.77.187.105,11/7/2017 14:24,11/7/2017 15:00,1,4,2,3,3,3,3,3,2,4,3,TX,0,1,1,1-2 years,4,Detractor,"We mainly work European Investment, mostly SME Clients that establish their first presence in North America - These Projects are mainly focussed on EST and CST timezones. Logistics for greater market reach for companies entering the U.S. with a product Chose more central hub Locations.  /  / Past Project in which Utah was included had poorly funded incentive Tools on a state Level for smaller FDI Projects (100 Jobs 20m CAPEX). /  / ",0,1,1,0,1,1,0,1,0,,Donot Know,5,5,4,4,4,4,4,5,4,5,4,4,3,5,4,3,4,4,2,3,3,3,3,3,4,4,3,4,3,5,2,4,4,3,4,3,2,1,2,2,,4,3,5,2,1,3,1,1,1,1,1,1,1,1,1,1,1,1,1,1,1,1,2,1,1,1,1,1,1,1,1,1,1,1,1,1,2,2,2,1,1,1,2,1,1,1,1,1,1,1,1,1,1,1,1,0,0,1,0,1,"Ability to reduce upfront investment by Client that is new to the U.S.  /  / financial assistance Tools /  / Property tax abatements on M&E (important for advanced manufacturers, who typically have high Investments in machinery) / ",0,0,0,1,1,0,0,0,Seldom,Never,Seldom,Never,Seldom,Seldom,,Never,
R_2diRky9JzKglrzS,207.91.160.20,11/8/2017 7:04,11/8/2017 7:14,1,4,2,3,4,3,2,5,2,4,3,AZ,0,1,0,1-2 years,10,Promoter,Outstanding business climate and cooperation and hard work by professionals,1,1,1,1,1,1,1,0,0,,Improving,4,3,3,3,3,3,3,5,3,5,3,3,3,4,4,3,3,5,3,5,4,4,4,4,5,5,3,4,4,4,4,4,4,4,4,4,3,3,4,3,Better,,,,,,5,1,1,1,1,1,1,1,1,1,1,1,1,1,1,1,1,1,1,1,1,1,1,1,1,1,1,1,1,1,1,1,1,1,2,1,1,1,1,1,1,1,1,1,1,1,1,1,1,0,0,1,1,1,0,,1,0,0,0,0,0,0,1,Seldom,Never,Seldom,Seldom,Seldom,Often,,Seldom,
R_31XabzmTkBf1srq,74.217.93.209,11/8/2017 7:21,11/8/2017 7:31,1,4,3,3,4,4,3,4,3,5,5,TX,0,1,0,More than 5 years ago,7,Passive,"SLC talent market (young demography, language skills, educated workforce), edcUtah's effectiveness as a state-wide economic development organization.",0,0,1,0,0,1,0,0,0,,NoChange,4,5,2,3,3,3,3,4,5,5,5,2,2,5,4,3,4,3,2,2,3,3,3,3,3,4,4,4,3,5,4,4,3,3,3,3,3,3,3,3,Worse,3,2,1,4,5,5,1,1,1,1,1,1,1,1,1,1,1,1,1,1,1,1,1,1,2,1,1,1,1,1,1,1,1,2,2,1,1,2,2,1,1,1,1,1,1,1,1,1,1,1,1,1,1,1,0,0,0,0,1,1,Relevance to the needs of business,1,1,1,1,1,1,1,0,Seldom,Never,Seldom,Never,Seldom,Seldom,,Never,
R_1jKaKXUm8yVRGBy,96.42.161.169,11/8/2017 7:30,11/8/2017 7:43,1,4,3,3,2,3,2,4,2,4,3,TX,0,1,1,3-4 years,7,Passive,Overall business climate is fairly good.  Taxes are always a consideration and cost of doing business was taken in to consideration.  We prefer lower taxes than incentives to offset.  We also look for availability of workforce - how does region provide a steady flow of workforce.  ,0,1,0,0,1,0,0,0,0,,NoChange,5,5,4,5,5,3,4,4,5,5,5,3,3,5,4,5,5,3,2,3,3,5,3,4,3,4,3,3,4,4,4,4,4,2,3,3,4,4,3,3,Better,3,5,2,4,1,4,1,1,1,1,1,1,1,1,1,1,1,1,1,1,1,1,2,1,1,1,1,1,1,1,1,2,1,1,1,1,2,1,1,1,1,1,2,1,1,1,1,1,1,1,1,1,1,1,1,1,0,1,0,0,,0,1,1,0,1,0,0,0,Never,Never,Seldom,Never,Never,Never,,Seldom,
R_3nem2oaFObs7lUi,206.53.127.14,11/8/2017 9:38,11/8/2017 9:49,1,4,2,3,4,4,3,5,3,5,3,UT,0,1,0,1-2 years,5,Detractor,Because it totally depends on the client's site criteria - they may or may not need the geography or assets of Utah,0,1,0,0,0,0,1,1,0,,Improving,5,5,4,4,4,3,4,4,4,4,3,1,2,5,4,4,4,2,3,3,3,3,4,3,3,4,3,4,4,5,3,5,4,3,4,4,2,2,2,2,,1,5,2,4,3,1,1,1,1,1,1,1,1,1,1,1,1,1,1,1,1,1,2,1,1,1,1,1,1,1,1,1,1,1,2,1,2,1,2,2,1,1,1,1,1,1,1,1,1,1,1,1,1,1,1,1,1,1,1,1,Flexibility in how the funds are used,0,0,0,0,1,1,0,0,Never,Never,Seldom,Never,Never,Never,,Never,
R_2fr1vmv7GwYLcZy,216.70.220.239,11/8/2017 15:15,11/8/2017 15:23,1,4,2,4,3,4,2,4,3,4,3,TX,0,1,1,0-1 years,8,Passive,Its a relatively affordable Mountain West destination with a high quality work force and an attractive quality of life,0,1,1,0,1,0,1,0,0,,Donot Know,3,3,3,4,3,3,3,3,4,5,4,4,4,5,3,3,3,4,2,3,3,3,3,3,3,3,4,3,4,4,4,4,4,3,4,4,2,3,3,2,Donot Know,1,5,2,3,4,5,1,1,1,1,1,1,1,1,1,1,1,1,1,1,1,1,1,1,1,1,1,1,1,1,1,1,2,1,1,1,1,1,2,1,1,1,1,1,1,1,1,1,1,1,1,1,1,2,1,0,0,0,1,0,,1,0,1,1,1,0,1,0,Seldom,Never,Seldom,Never,Never,Never,,Seldom,
R_xmh2td9DsUVK7aF,67.44.224.33,11/9/2017 6:53,11/9/2017 7:18,1,4,1,3,4,3,2,4,2,5,4,TX,0,1,1,2-3 years,10,Promoter,"Was successful in enabling a client's significant investment in its facility, and improvements in productivity at that facility working with both the State and with locally-controlled entities (State ecdev, State labor, and local WIB).",0,1,0,0,1,0,1,0,0,,Donot Know,3,4,3,3,5,5,5,5,4,3,5,3,4,3,3,1,5,3,3,4,4,4,4,3,3,4,4,4,4,5,5,5,4,4,4,4,1,1,1,1,,1,2,4,3,5,5,1,1,1,1,1,1,1,1,1,1,1,1,1,1,1,1,1,2,1,1,1,1,1,1,1,1,1,1,1,1,1,1,1,1,1,1,1,1,1,1,1,1,1,1,1,1,1,1,1,1,1,1,1,1,Some states have high $$ programs but the states are high cost states.  LA is a low-cost state with high-value incentives.,0,0,0,0,1,0,0,0,Never,Never,Seldom,Never,Often,Seldom,Seldom,Never,"Diversity requirements as in NY's contracting minimums are a huge deal killer.  Historic liberal (high tax, high welfare) states are a deal killer.  Our clients want reasonable and stable tax and cost environments.  You are missing in your list minimum wage, by the way."
R_3iVfN7IWPBMbk8d,74.217.93.207,11/9/2017 7:09,11/9/2017 7:18,1,5,3,3,3,4,4,4,3,5,4,AZ,0,1,0,0-1 years,8,Passive,quality of life and business friendly ,0,0,1,0,0,1,0,0,0,,Improving,4,4,3,3,3,4,3,5,4,4,5,3,4,5,3,3,3,4,3,3,3,3,3,3,4,5,4,4,4,3,3,4,3,3,3,3,4,1,3,2,Better,2,4,1,3,5,5,1,1,1,1,1,1,1,1,1,1,1,1,1,1,1,2,1,1,1,1,1,1,1,1,1,1,1,1,1,2,1,1,2,2,1,1,1,1,1,1,1,1,1,1,1,1,1,2,0,1,0,1,1,0,,1,1,1,1,0,0,0,0,Often,Never,Seldom,Often,Seldom,Seldom,,Seldom,
R_2AQfc97m7J7uAGR,162.199.122.40,11/9/2017 7:02,11/9/2017 7:47,1,3,,3,2,3,3,4,4,3,4,WA,0,1,0,1-2 years,8,Passive,Availability of educated work force,0,1,1,0,1,1,1,0,0,,Improving,3,5,4,4,4,5,5,5,4,5,4,5,4,5,4,3,5,4,4,4,4,4,4,3,3,5,4,4,4,5,4,4,4,3,3,5,1,2,3,1,Same,1,3,2,5,4,3,1,1,1,1,1,1,1,1,1,1,1,1,1,1,1,1,1,1,1,1,1,1,1,1,1,1,1,1,2,1,1,1,1,1,1,1,1,1,1,1,1,1,1,1,1,1,1,1,1,1,1,1,1,0,,1,1,1,1,1,0,0,0,Seldom,,Seldom,Never,Seldom,,,Often,
R_2TnLcqCG8CYLHPc,107.77.218.55,11/9/2017 8:21,11/9/2017 8:38,1,3,2,3,3,4,3,3,3,4,4,TX,0,1,1,3-4 years,6,Detractor,Utah offers few tax or other incentives.  The rd credit is a saving grace. It'd be better if it was refundable though. ,0,0,0,0,1,1,0,0,0,,NoChange,5,5,3,3,3,5,4,4,3,3,5,2,3,3,3,4,4,4,2,3,3,3,3,2,3,3,3,4,3,5,3,4,3,3,3,3,3,1,3,3,Worse,2,5,1,3,4,5,1,1,1,1,1,1,1,1,1,1,1,1,1,2,1,1,1,1,1,1,2,1,1,1,1,1,2,1,2,1,1,1,1,1,1,1,2,1,1,1,1,1,1,1,1,1,1,1,0,0,0,0,1,1,"Performance based incentives with rebates against various taxes such as payroll withholding, sales/use, utilities, refundability or any other above the line tax. ",1,1,1,1,1,1,1,0,Seldom,Never,Never,Never,Often,Often,Often,Seldom,Labor first always. Then Tax incentives. 
R_3D16nrcBLJwg20v,209.194.200.254,11/6/2017 11:20,11/9/2017 8:49,1,4,1,3,4,3,2,5,2,4,3,TX,0,1,0,0-1 years,9,Promoter,"Great business climate, good talent, hub airport and affordable cost of living ",1,1,1,1,1,1,1,1,0,,NoChange,3,4,3,4,3,4,4,4,3,4,3,4,4,5,3,3,3,4,3,4,3,2,3,3,4,4,3,3,4,4,4,4,3,3,4,4,4,3,4,4,Same,5,3,2,1,4,5,1,1,1,1,1,1,1,1,1,1,1,1,1,1,1,1,2,1,1,1,1,1,1,1,1,2,1,2,1,1,2,1,2,1,1,1,1,1,1,1,1,1,1,1,1,1,1,1,1,1,1,0,1,0,,1,1,1,1,1,1,1,0,Often,Seldom,Seldom,Never,Seldom,Seldom,,Never,
R_1DoIWd8fAigw6wu,74.219.120.102,11/9/2017 8:51,11/9/2017 9:04,1,4,4,4,4,4,5,4,5,3,4,CO,0,1,1,0-1 years,9,Promoter,"Strong location factors including excellent labor market, great quality of life, good transportation infrastructure, etc.",1,0,1,1,1,1,1,1,0,,Donot Know,2,5,2,4,2,1,3,2,3,5,4,4,2,5,5,3,3,4,2,5,2,2,2,3,3,4,2,4,3,5,3,5,4,3,3,3,3,3,3,3,Same,1,3,2,4,5,5,1,1,1,1,1,1,1,1,1,1,1,1,1,1,1,1,1,2,1,1,1,1,1,1,1,1,1,2,1,1,2,2,1,1,1,1,1,1,2,1,1,1,1,1,1,1,1,1,1,0,0,0,1,1,"Predictability of how programs are used (i.e., not a ""black box"" approach to calculating offers).",1,1,1,1,1,0,0,1,Often,Seldom,Often,Never,Never,Never,,Seldom,
R_dp7Cv0YsYtNJc4x,172.58.94.173,11/9/2017 8:57,11/9/2017 9:11,1,4,2,3,3,4,4,4,3,4,4,NV,0,1,0,0-1 years,8,Passive,"Business friendly tax regime, an abundance of skilled labor and easily accessible from anywhere in the country.",0,1,0,0,0,0,0,1,0,,NoChange,3,4,2,5,1,5,5,5,2,5,2,3,3,5,5,3,5,2,5,5,4,4,4,3,3,3,3,5,3,5,5,5,4,4,5,4,4,2,2,4,Same,5,3,4,1,2,2,1,1,2,1,1,1,1,1,1,1,1,1,1,2,1,1,1,1,1,1,2,1,1,1,1,1,1,1,1,1,1,1,1,2,1,1,2,1,1,1,1,1,1,1,1,1,1,1,1,1,0,0,0,1,Exemptions as opposed to refund based programs.  Refunds can be an administrative nightmare create unintended problems for the state/municipality as well as the corporation.,0,0,0,1,0,0,1,0,Seldom,Never,Often,Never,Often,Never,Often,Never,Access to renewable energy
R_2fIs03xk7G6UbZJ,74.217.93.204,11/9/2017 9:09,11/9/2017 9:32,1,4,3,3,2,4,3,4,3,5,2,AZ,0,1,1,1-2 years,7,Passive,"I like Utah as a business home.  Good quality of Life, well educated work force, if client is serving the western region of state, then transportation is good.  The Incentives programs are good.  I find generally that the people are nice, and have a can-do type attitude.   /  / The negatives are its not that easy to get to from some eastern cities.  The concentration of population in the SLC/Provo corridor is difficult.  Likewise last time I was there I actually experienced traffic issues.  For projects looking at Logan in the north or other more rural areas in the south - it can still a bit isolating if you are non-LDS.  ",1,1,0,0,0,1,0,1,0,,Improving,3,4,2,5,5,4,4,4,4,3,3,3,4,4,5,2,4,3,3,3,3,4,4,4,3,3,3,4,3,5,4,4,4,3,3,4,4,4,3,3,Better,4,5,1,2,3,5,1,1,1,1,1,1,1,1,1,1,1,1,1,1,1,2,2,1,1,1,1,1,1,1,1,1,1,2,1,1,1,2,1,1,1,1,1,1,2,1,1,1,1,1,1,1,1,1,0,0,0,0,0,1,Flexibility - I think the EDTIF has the right idea where it provides incentives that most corporations can take advantage of.  ,1,0,0,1,1,0,0,0,Often,Never,Often,Never,Seldom,Seldom,,Often,I expect you to get pretty good variation from each survey taker.  It amazes me how each of my clients seems to have different things that are important to them.
R_3Kw5FBFKp1QQd9B,74.217.93.210,11/9/2017 8:38,11/9/2017 10:09,1,4,3,4,3,3,3,4,3,4,3,AZ,1,0,0,0-1 years,7,Passive,"Salt Lake City continues to be on our practice's radar for a host of project types, including shared service centers and headquarters. As these types of investments are trending toward more advanced capabilities and services delivered, the relatively large skilled talent pool in Utah has surfaced as an attractive asset.",0,0,1,0,0,1,1,1,0,,Improving,3,4,2,4,3,3,3,4,4,4,3,3,3,5,4,2,3,4,2,3,3,3,3,3,3,4,3,3,4,4,4,4,4,3,3,4,2,2,1,2,,3,2,4,1,5,5,1,1,1,1,1,1,1,1,1,1,1,1,1,1,1,1,1,1,1,1,1,1,1,1,1,1,1,2,2,1,2,2,2,1,1,1,1,1,1,1,1,1,1,1,1,1,1,1,0,1,1,0,1,0,,1,1,0,1,1,0,1,0,Seldom,Never,Seldom,Never,Never,Never,,Seldom,
R_3rHPdtHYu2eN1Ya,73.82.51.103,11/9/2017 11:45,11/9/2017 11:52,1,4,1,2,4,4,2,4,2,5,2,TX,0,1,0,Never,8,Passive,"If I have a client considering that region, I will surely include UT based on its assets.",1,0,1,1,0,1,0,0,0,,Donot Know,5,5,5,5,5,5,5,5,2,5,5,3,4,5,5,3,5,3,2,4,4,4,4,3,3,4,4,4,4,4,4,5,4,3,4,4,1,1,1,1,,,,,,,4,1,1,1,1,1,1,1,1,1,1,1,1,1,1,1,2,2,2,1,1,1,1,1,1,1,1,1,1,2,1,1,1,1,1,1,1,1,1,1,1,1,1,1,1,1,1,1,1,1,1,1,1,1,0,,0,0,0,0,1,1,0,0,Seldom,Never,Seldom,Often,Seldom,Often,,Never,
R_3LYgJrDyTBMGbvI,72.54.86.205,11/9/2017 8:08,11/9/2017 13:14,1,4,1,3,3,5,2,4,1,4,4,TX,0,1,0,0-1 years,5,Detractor,Many clients in the customer service/sales/back office sectors are experiencing strong competition and wage pressure from tech companies moving into the greater Salt Lake and Provo areas.,0,0,1,0,1,1,0,0,1,Sales,NoChange,3,4,2,3,3,3,3,3,5,5,5,2,2,5,2,3,2,3,4,4,4,4,4,3,3,3,3,4,2,5,4,5,4,5,4,5,4,2,2,3,Better,1,5,2,4,3,0,1,1,1,1,1,1,1,1,1,1,1,1,1,1,1,1,1,1,1,1,1,2,1,1,1,1,2,1,1,1,2,2,2,1,1,1,1,1,1,1,1,1,1,1,1,1,1,1,1,1,1,1,1,0,,1,1,0,1,1,1,0,0,Never,Never,Never,Never,Never,Never,,Never,
R_cwIEixtlKrHphXX,98.175.103.146,11/9/2017 13:24,11/9/2017 13:31,1,4,2,3,4,4,3,5,3,5,4,NV,0,1,0,0-1 years,10,Promoter,,0,0,0,0,0,0,1,0,0,,Improving,5,4,4,4,4,4,4,5,4,4,4,4,4,5,5,4,5,4,3,4,4,4,4,4,4,5,4,4,4,5,4,4,4,3,4,4,3,3,3,3,Same,3,4,2,1,5,5,1,1,1,1,1,1,1,1,1,1,1,1,1,1,1,1,2,1,1,1,1,1,1,1,1,1,1,1,1,1,2,2,1,1,1,1,1,1,1,1,1,1,1,1,1,1,1,1,1,1,1,1,1,0,,1,1,1,1,1,1,1,1,Seldom,Never,Often,Never,Seldom,Often,,Never,
R_24Geq3rVMOpZ1m7,67.165.210.89,11/9/2017 14:28,11/9/2017 14:35,1,2,4,4,4,3,4,3,4,2,3,TX,0,1,0,1-2 years,3,Detractor,Skilled labor availability; Lack of financial incentives,0,1,0,0,1,0,0,1,0,,NoChange,5,4,3,3,3,4,4,4,4,5,3,2,2,5,4,2,3,3,2,2,3,3,3,2,3,3,3,2,3,4,4,3,3,3,3,3,4,4,3,4,Worse,1,4,3,2,5,5,2,1,1,1,1,1,1,1,1,1,1,1,1,1,1,1,1,1,1,1,1,1,2,1,1,2,1,1,2,1,1,1,2,1,1,1,1,1,1,1,1,1,1,1,1,1,1,1,0,1,1,0,1,0,,1,0,0,1,1,1,0,0,Seldom,Never,Never,Never,Never,Never,,Never,
R_2eUNBuk994DFSAd,174.221.132.127,11/9/2017 14:20,11/9/2017 14:40,1,4,1,3,3,3,2,3,3,4,3,TX,0,1,1,3-4 years,8,Passive,,0,1,1,1,1,1,1,1,0,,Donot Know,4,4,2,3,2,3,4,4,3,4,3,4,4,5,4,3,4,4,3,4,3,2,3,3,4,4,3,4,3,5,3,3,4,3,3,4,2,2,2,2,,1,5,4,2,3,5,1,1,1,1,1,1,1,1,1,1,1,1,1,1,1,1,1,2,1,1,1,1,1,1,1,1,1,1,2,1,2,1,1,1,1,1,1,1,1,1,1,1,1,1,1,1,1,2,1,0,0,1,1,0,,1,0,0,1,1,1,1,0,Often,Never,Seldom,Never,Seldom,Seldom,,Never,
R_3prtvZHem8VnOwB,104.129.196.207,11/9/2017 14:42,11/9/2017 14:51,1,4,2,4,3,4,3,4,3,5,3,TX,0,0,1,0-1 years,7,Passive,My focus is primary tax incentives.  I like the variety of TIF incentives but my latest project ran into some trouble for not having high enough wages.,0,0,0,0,1,1,0,0,1,automotive tier 1 supplier,Improving,4,4,3,4,4,5,4,4,5,4,4,3,3,5,4,3,5,3,3,4,4,4,4,4,4,4,4,4,4,5,4,4,4,3,3,3,4,3,2,4,Same,1,3,2,4,5,5,1,1,1,1,1,1,1,1,1,1,1,1,1,1,1,2,1,2,1,1,1,1,1,1,1,2,1,2,1,1,1,1,2,1,1,1,1,1,1,1,1,1,1,1,1,1,1,1,0,1,1,0,1,0,,0,0,0,1,1,1,0,0,Seldom,Never,Seldom,Seldom,Seldom,Seldom,,Seldom,
R_3iJPEUef5nkAq2W,199.116.175.209,11/9/2017 14:54,11/9/2017 15:06,1,4,4,4,4,4,3,4,3,4,3,TX,0,1,0,0-1 years,9,Promoter,Proactive and supportive business environment; low tax structure; strong technology and labor capabilities; excellent quality of life,0,0,1,0,1,1,1,0,0,,Improving,4,4,3,4,4,4,4,5,4,4,4,3,3,5,4,3,4,5,3,4,4,5,4,4,4,5,4,4,4,5,4,4,4,3,4,4,4,3,4,3,Better,5,3,1,2,4,5,1,1,1,1,1,1,1,1,1,1,1,1,1,1,1,1,1,1,1,1,1,2,1,1,1,1,1,1,1,1,2,1,2,1,1,1,1,1,2,1,1,1,1,1,1,1,1,2,1,1,0,1,1,0,,1,1,1,1,1,1,1,0,Seldom,Never,Seldom,Never,Seldom,Seldom,,Seldom,
R_3RkZwZ2LZprF6gd,174.31.51.147,11/9/2017 15:00,11/9/2017 15:12,1,4,3,4,4,4,3,4,4,5,3,WA,0,1,0,2-3 years,8,Passive,Very competitive on economic development incentives. ,0,1,1,0,0,0,0,1,0,,Improving,4,4,3,3,3,4,5,4,5,5,4,4,4,4,4,3,4,4,4,4,4,5,5,4,4,4,4,4,4,4,4,5,4,3,4,3,3,3,3,3,Better,4,5,3,2,1,5,1,1,1,1,1,1,1,1,2,2,1,1,1,1,1,2,2,1,1,1,1,1,1,1,1,1,1,1,1,1,2,1,1,1,1,1,1,1,1,1,1,1,1,1,1,1,1,1,1,0,0,1,1,0,,1,0,0,0,1,1,1,0,Seldom,Never,Seldom,Never,Seldom,Seldom,,Never,
R_2ffE5U0eCmWbiOB,172.125.49.0,11/9/2017 14:17,11/9/2017 15:46,1,3,1,2,3,3,3,4,2,4,3,TX,0,0,1,2-3 years,5,Detractor,"I don’t make many recommendations, I research and present fact based data for the occupier’s consideration.",0,0,0,0,1,1,0,1,0,,Donot Know,4,4,3,3,2,3,4,4,3,3,5,5,5,5,5,4,4,3,2,2,3,2,3,3,3,3,2,4,4,4,4,3,3,3,3,4,3,2,1,2,Same,5,1,3,4,2,2,1,1,1,1,1,1,1,1,1,1,1,1,1,1,2,1,2,1,2,1,1,1,1,1,1,2,1,1,1,1,2,1,1,1,1,1,1,1,1,1,1,1,1,1,1,1,1,1,1,1,0,0,0,0,,0,0,0,0,1,1,0,0,Never,Never,Never,Never,Seldom,Seldom,Seldom,Never,
R_3nHKOXIFp0Tqnu5,172.115.99.243,11/9/2017 17:18,11/9/2017 17:26,1,3,4,5,3,3,3,3,4,2,3,CA,0,0,1,Never,5,Detractor,I don't get many clients interested in Utah.,0,0,0,0,1,1,0,0,0,,Donot Know,3,3,2,2,2,4,4,5,4,4,4,3,3,4,5,2,5,4,3,3,3,3,3,2,3,3,3,3,3,3,3,3,3,2,3,3,1,1,1,1,,,,,,,0,1,1,1,1,1,1,1,2,1,1,1,2,1,1,1,1,1,1,1,1,1,1,1,1,1,1,1,1,1,1,1,1,1,1,1,1,1,1,1,1,1,1,1,1,1,1,1,1,1,1,0,1,1,0,,1,1,0,0,0,0,0,0,Seldom,Often,Never,Often,Never,Never,,Seldom,
R_27vAJ0MESRcj74i,108.46.67.177,11/9/2017 18:10,11/9/2017 18:16,1,4,1,3,4,4,2,4,2,4,3,TX,0,1,1,0-1 years,8,Passive,It has a good source of labor.  Highly skilled.,0,0,1,0,0,1,0,1,1,Call centers,NoChange,4,4,3,4,4,4,4,4,5,5,5,3,3,5,3,4,3,4,3,4,3,4,3,3,3,4,3,5,4,5,4,4,3,4,3,4,2,1,2,4,Same,1,3,2,5,4,5,1,1,1,1,1,1,1,1,1,1,1,1,1,1,1,1,2,1,1,1,1,1,1,1,1,1,1,1,1,1,1,1,1,1,1,1,1,1,1,1,1,1,1,1,1,1,1,1,0,0,0,0,1,0,,1,1,0,1,0,0,0,0,Seldom,Never,Never,Seldom,Seldom,Seldom,,Seldom,
R_2dL3lVL3ATR6T2e,174.214.12.131,11/9/2017 18:25,11/9/2017 18:36,1,3,3,3,3,4,3,5,3,4,3,UT,0,1,0,0-1 years,8,Passive,"Strong economy, educated workforce, great quality of life. ",1,1,1,1,1,0,0,0,0,,NoChange,3,3,3,3,4,4,4,4,4,3,4,4,3,4,3,3,3,4,3,4,4,4,4,4,4,5,5,3,4,5,5,5,4,3,4,5,4,3,3,3,Better,4,3,2,1,5,5,1,1,1,1,1,1,1,1,2,2,1,1,1,1,1,1,1,2,2,1,1,1,1,1,1,1,1,1,1,1,2,1,1,1,1,1,1,1,1,1,1,1,1,1,1,1,1,1,0,1,1,0,1,1,Non income tax ,1,1,0,1,0,0,0,0,Seldom,Never,Seldom,Never,Often,Often,,Seldom,
R_1qVVsauOKjak5JB,161.69.122.13,11/9/2017 18:28,11/9/2017 18:38,1,,,,,,,4,,,,UT,0,1,1,0-1 years,8,Passive,Business minded with well balanced approach. ,1,1,0,0,0,0,1,0,0,,NoChange,4,5,4,4,4,5,5,5,5,5,5,4,4,5,4,4,5,4,4,4,4,4,4,4,4,4,2,3,3,5,4,3,4,3,4,4,2,2,2,3,Same,2,4,1,5,3,0,1,1,1,1,1,1,1,1,1,1,1,1,1,1,1,1,1,1,1,1,1,1,1,1,1,1,1,1,1,1,2,1,2,1,1,1,1,1,1,1,1,1,1,1,1,1,1,1,0,0,1,1,1,0,,0,0,0,0,1,1,0,0,Often,Never,Seldom,Never,Never,Never,,Never,
R_bsy5W54sKrEqDol,45.29.41.88,11/9/2017 14:53,11/10/2017 6:20,1,4,2,3,3,4,4,4,4,4,3,TX,0,1,1,0-1 years,6,Detractor,Limited colocation (data center) options in the state. ,0,0,0,0,0,0,0,1,0,,Donot Know,4,3,3,4,4,5,4,5,2,4,2,3,3,2,4,3,4,3,2,3,3,5,4,4,4,4,3,3,4,4,4,3,3,2,3,3,1,1,1,1,,1,5,2,4,3,2,1,2,2,1,1,1,1,1,1,1,1,1,1,1,1,1,1,1,1,1,1,1,1,1,1,1,1,1,1,1,1,1,1,2,1,1,1,1,1,1,1,1,1,1,1,1,1,1,0,0,0,0,0,1,Datacenter incentives,0,0,0,0,0,0,1,0,Seldom,Never,Never,Seldom,Seldom,Never,Never,Seldom,
R_3dJR1CXUWAHiDPw,155.201.35.69,11/10/2017 11:21,11/10/2017 11:32,1,4,2,4,4,4,2,4,2,5,3,AZ,1,0,0,0-1 years,8,Passive,Friendly for incentives.,1,0,0,0,0,0,0,0,0,,Donot Know,4,4,4,4,4,4,4,3,4,5,5,4,4,5,4,2,4,4,1,2,3,4,3,4,4,4,3,3,4,4,4,3,3,2,3,4,3,2,2,3,Better,1,3,2,5,4,5,1,1,1,1,1,1,1,1,1,1,1,1,1,1,1,1,2,1,1,1,1,1,1,1,1,1,1,1,1,1,2,2,2,1,1,1,1,1,1,1,1,1,1,1,1,1,1,2,0,0,0,1,1,0,,1,0,0,0,1,1,1,0,Seldom,Never,Seldom,Never,Seldom,Seldom,,Seldom,
R_1r9v0DWJe1qSolq,12.217.123.2,11/10/2017 9:12,11/10/2017 12:06,1,4,3,3,4,3,4,4,3,5,4,TX,0,1,0,More than 5 years ago,4,Detractor,"Despite Utah being very ""pro-business"", the geographic isolation of the Greater SLC and Utah make it a tough choice. ",1,1,1,0,1,1,1,0,0,,Donot Know,5,4,3,5,3,3,4,3,3,3,4,3,4,3,4,3,4,2,1,3,2,3,3,4,4,5,4,3,3,4,3,4,4,4,3,4,2,2,3,2,Same,2,5,1,4,3,5,1,1,1,1,1,1,1,1,1,1,1,1,1,1,1,1,1,1,1,1,1,1,1,1,1,1,1,2,1,1,2,1,2,1,2,1,1,1,1,1,1,1,1,1,1,1,1,1,1,1,1,1,1,1,"Please note that some of the states with the ""best"" incentives programs are compensating for having complicated tax structures which are in the upper half for rates.",0,0,1,0,1,0,0,1,Seldom,Seldom,Seldom,Never,Never,Never,Often,Seldom,"Commercial airline access (frequency of flights, limited stops to HQ city, etc.)"
R_2vccb7cxrN3AXr4,199.52.13.129,11/10/2017 13:06,11/10/2017 13:16,1,4,2,4,3,3,3,5,,4,2,AZ,1,0,0,0-1 years,9,Promoter,Utah has always been very business friendly. I did not rate it a 10 only because of the nature of my clients and their business needs.  Sometimes UT is not a good fit because of specific business requirements.,0,0,1,0,1,1,0,0,0,,Improving,4,3,4,4,4,3,4,4,4,4,5,4,4,5,4,3,4,4,3,3,4,4,4,4,3,5,4,4,5,5,5,4,4,3,4,4,4,4,4,4,Better,3,5,2,1,4,5,1,1,1,1,1,1,1,1,1,1,2,1,1,1,1,1,1,1,1,1,1,1,1,1,1,1,1,1,1,2,1,1,1,1,1,1,2,1,2,1,1,1,1,2,1,1,1,1,1,0,0,1,1,0,,1,1,0,1,0,0,1,0,Seldom,Never,Seldom,Never,Seldom,Seldom,,Seldom,
R_2Pp6ptGqCCQI58e,47.187.163.153,11/14/2017 19:35,11/14/2017 19:42,1,3,1,2,4,2,3,4,3,5,4,TX,0,0,1,0-1 years,8,Passive,Utah has a good business climate and is next to California where there is a huge customer demand but one of the worst places to locate a business.  Many of our client want to be near California but absolutely NOT IN CALIFORNIA.  ,0,1,1,0,0,0,0,0,0,,Improving,4,5,4,5,5,4,4,5,5,4,5,3,4,4,4,3,4,3,4,3,4,4,4,4,4,4,3,3,4,4,4,4,4,3,4,3,1,1,1,1,,1,2,4,3,5,5,1,1,1,1,1,1,1,1,1,1,1,1,2,1,1,2,1,2,1,1,1,1,1,1,1,1,1,1,2,1,1,2,1,1,1,1,1,1,1,1,1,1,1,1,1,1,1,1,0,1,1,0,1,0,,0,0,0,0,1,0,0,0,Never,Never,Seldom,Seldom,Often,Often,,Seldom,
R_BDuosD06HhpB40V,209.236.102.212,11/15/2017 7:16,11/15/2017 7:26,1,4,1,3,,,,4,,,3,AZ,0,1,1,3-4 years,6,Detractor,"I find Utah ticks a lot of the boxes for many clients, however, my projects have been large water users, and the manner and uncertainty about water access in some parts of the state have prevented projects from landing there. ",0,1,1,0,1,1,1,0,0,,NoChange,3,4,3,4,4,4,4,4,3,2,3,4,2,3,3,2,5,3,3,3,3,2,2,3,3,4,3,3,3,4,4,3,3,3,1,4,3,1,1,1,Same,,,,,,5,1,1,1,1,1,1,1,1,1,1,1,1,1,1,1,1,2,1,1,1,1,1,1,1,1,2,1,1,1,1,1,1,1,1,1,1,1,1,1,1,1,1,1,1,1,1,1,1,0,0,1,1,1,0,,0,0,0,1,1,0,0,1,Seldom,Seldom,Seldom,Never,Seldom,Seldom,,Often,
R_vGEqVIGXYRpWJ45,72.190.31.34,11/15/2017 7:21,11/15/2017 7:31,1,3,1,3,4,4,2,4,2,4,3,TX,0,1,0,1-2 years,8,Passive,Good talent base. Good work ethic.,1,0,0,0,1,1,1,0,0,,Improving,4,4,2,2,2,3,3,3,3,4,2,2,3,5,3,2,3,3,3,3,3,3,3,3,3,4,3,4,4,4,4,4,3,3,3,4,2,2,2,2,,1,3,5,2,4,5,1,1,1,1,1,1,1,1,1,1,1,1,1,1,1,1,1,2,1,1,1,1,1,1,1,1,1,1,2,1,2,1,2,2,1,1,1,1,1,1,1,1,1,1,1,1,1,1,1,0,1,1,1,0,,0,0,0,0,1,1,0,0,Seldom,Seldom,,Seldom,Seldom,,,Seldom,
R_sYz0Tr3SkFn9SXD,162.118.16.5,11/15/2017 7:29,11/15/2017 7:41,1,3,1,3,3,3,2,5,2,5,3,TX,0,1,1,More than 5 years ago,9,Promoter,I believe Utah is pro business and easy to deal with.  ,0,1,0,0,1,0,1,1,0,,NoChange,5,5,4,5,4,4,5,5,3,3,4,4,4,4,5,3,5,3,4,4,4,4,4,4,4,5,4,4,5,4,4,4,4,3,4,4,3,3,3,3,Better,4,1,3,2,5,4,1,1,1,1,1,1,1,1,1,2,1,1,1,1,1,1,2,1,2,1,1,1,1,1,1,1,1,1,1,1,2,1,1,1,1,1,1,1,1,1,1,1,1,1,1,1,1,1,1,0,0,1,1,0,,0,0,0,0,1,0,0,0,Never,Never,Often,Never,Seldom,Seldom,,,Access to Markets & Customers
R_QgIvbAcKrf1MNtn,107.77.203.166,11/15/2017 7:40,11/15/2017 7:58,1,4,1,4,4,5,3,4,2,5,3,NV,0,1,1,1-2 years,8,Passive,,0,0,0,1,0,0,1,1,0,,NoChange,4,4,3,4,3,4,4,4,3,4,5,4,4,5,4,4,4,3,3,3,4,4,4,4,4,4,4,4,4,5,5,4,4,3,4,3,4,3,3,4,Same,1,3,4,5,2,5,1,1,1,1,1,1,1,1,2,1,1,1,1,1,1,1,2,1,1,1,1,1,1,1,1,1,1,1,2,1,2,2,1,1,1,1,1,1,1,1,1,1,1,1,1,1,1,1,0,1,1,0,1,0,,0,0,1,0,0,1,1,0,Seldom,Never,Seldom,Never,Seldom,Seldom,,Seldom,
R_zcAmWEGaMxJ4rGF,23.127.36.244,11/15/2017 8:53,11/15/2017 8:59,1,4,2,4,4,3,1,4,2,4,3,TX,0,1,1,4-5 years,6,Detractor,,1,0,1,0,1,1,0,0,0,,NoChange,5,4,4,4,5,4,5,5,3,4,5,2,3,5,4,4,4,5,4,3,3,3,3,4,3,4,3,3,4,4,4,3,4,2,4,3,4,3,2,3,Better,1,2,3,5,4,5,1,1,1,1,1,1,1,1,1,1,1,1,1,1,1,1,2,1,1,1,1,1,1,1,1,2,1,1,1,1,2,1,1,1,1,1,1,1,2,1,1,1,1,1,1,1,1,1,1,1,0,0,1,0,,1,0,0,1,0,1,1,0,Never,Seldom,Seldom,Never,Seldom,Seldom,,Never,
R_1NfX7aEbouXXGty,69.117.0.214,11/15/2017 11:38,11/15/2017 12:13,1,4,3,4,3,4,4,4,4,3,4,AZ,0,1,1,1-2 years,5,Detractor,"if my clients are looking at a ""western"" state, Utah is always considered initially.  As always it comes down to specifics - there is a huge difference between a 'new' location and one that requires/desires significant relocation of existing employees.  Utah 'scores' well on infrastructure-related criteria but is not as competitive (with other western areas) on labor-related concerns ",0,1,0,0,1,1,1,0,0,,Improving,4,5,2,2,2,2,4,3,4,5,2,3,3,4,5,1,3,4,2,3,3,4,4,3,4,3,3,2,3,3,3,3,4,3,3,2,4,4,4,4,Same,3,1,2,4,5,5,1,1,1,1,1,1,1,2,1,1,1,1,1,1,1,1,1,1,1,1,1,1,1,1,1,1,2,1,1,1,1,1,2,2,1,1,1,1,2,1,1,1,1,1,1,1,1,1,0,1,0,1,1,1,"incentives do not make a bad location good - it just makes it a bit cheaper.  California and NY have excellent incentives - not all cash-related, but that has not helped either state too much (because they are high cost areas) but they and KY have innovative 'incentives' geared towards labor and getting the operation up and running.  also, more and more relocations involve a spouse that also works and incentives though subtle that can help with the 'trailing spouse/partner/etc. can often make the difference",1,1,0,1,1,1,0,1,Often,Never,Seldom,Never,Often,Seldom,Often,Never,"any environment that will limit labor attributes - its not a red state vs blue state issue, Red states tend to be more 'business friendly' but lately some are considering legislation that will impact labor attributes and more and more companies are avoiding 'those states'.  i do not understand the purpose of listing the arts and entertainment industry - i have never had a client make a location decision based on the presence of the entertainment industry unless the client was in that field and having local employees in the that field would be an asset"
R_2ZZxD5roPJMLt9T,172.91.104.204,11/15/2017 15:27,11/15/2017 15:32,1,3,5,4,2,4,5,4,5,5,2,WA,0,1,1,0-1 years,8,Passive,,0,0,1,0,0,0,1,1,0,,Improving,4,4,5,5,5,5,5,5,4,5,5,5,5,5,3,5,3,5,4,4,5,5,5,5,4,5,5,4,4,4,5,4,3,4,3,4,4,1,4,1,Better,2,5,1,4,3,1,1,2,1,1,1,1,1,2,1,2,1,1,1,1,1,1,1,1,1,1,1,1,1,1,1,1,1,1,1,1,1,1,1,1,1,1,1,1,2,1,1,1,1,1,1,1,1,1,1,0,0,1,1,0,,0,1,0,1,0,0,0,0,Never,Never,Seldom,Never,Never,Never,,Never,
R_VKcZsJcf0d4bGbT,70.31.79.192,11/8/2017 7:38,11/17/2017 5:46,1,5,2,3,4,2,3,4,3,4,3,AZ,0,1,1,0-1 years,8,Passive,"Utah has smart, nice people who are loyal and have a good work ethic.  Business costs are higher than some places but more affordable than some of its major location competitors.",1,0,1,0,1,1,1,1,0,,NoChange,2,4,2,3,2,3,3,3,4,5,3,3,3,4,4,3,4,4,2,3,3,3,3,2,3,3,3,3,3,4,3,5,4,2,3,4,3,3,3,3,Worse,2,5,1,4,3,5,1,1,1,1,1,1,1,1,1,1,1,1,1,1,1,2,1,2,1,1,1,1,1,1,1,1,2,1,1,1,1,1,2,1,1,1,1,1,1,1,1,1,1,1,1,1,1,2,0,1,1,1,1,1,Incentives not just used to offset higher operating cost (e.g. personal property tax).  ,1,1,1,1,1,1,1,0,Often,Seldom,Often,Seldom,Seldom,Seldom,Seldom,Never,"We are increasingly engaging our clients in discussions of ""social climate"" in addition to ""business climate"".  "
R_Oa14onNftbnhwmR,4.14.243.194,11/17/2017 10:34,11/17/2017 10:43,1,5,1,3,4,3,3,4,2,4,4,AZ,0,1,0,0-1 years,8,Passive,"For the right project, Utah has great qualifications",0,0,0,1,0,1,1,1,0,,Improving,4,4,3,4,3,4,3,5,2,4,3,3,2,3,4,2,4,4,3,3,4,3,4,4,4,4,3,4,4,4,4,5,4,3,4,4,2,2,3,3,Same,5,4,3,2,1,5,1,1,1,1,1,1,1,1,1,1,2,1,1,1,1,2,1,1,1,1,1,1,1,2,1,1,1,1,2,1,1,1,2,1,1,1,1,1,1,1,1,1,1,1,1,1,1,1,0,1,0,1,1,0,,0,0,0,0,1,0,1,0,Seldom,Never,Often,Never,Never,Never,Often,Never,existing manufacturing facilities
R_3rZFKFpTzAjqoWm,209.180.86.82,11/3/2017 14:54,11/3/2017 14:55,0,,,,,,,,,,,,,,,,,,,,,,,,,,,,,,,,,,,,,,,,,,,,,,,,,,,,,,,,,,,,,,,,,,,,,,,,,,,,,,,,,,,,,,,,,,,,,,,,,,,,,,,,,,,,,,,,,,,,,,,,,,,,,,,,,,,,,,,,,,,,,,,,,,,,
R_2D63iCmepgm9Vvl,70.103.180.85,11/3/2017 14:53,11/3/2017 14:55,0,,,,,,,,,,,,1,0,0,3-4 years,4,Detractor,,0,0,0,0,1,0,0,0,0,,,3,3,4,3,2,3,3,3,3,3,1,2,3,4,2,3,3,2,,,,,,,,,,,,,,,,,,,,,,,,,,,,,,,,,,,,,,,,,,,,,,,,,,,,,,,,,,,,,,,,,,,,,,,,,,,,,,,,,,,,,,,,,,,,,,,,,,,,,
R_24IrXc1BCRZ1oYC,216.70.220.239,11/6/2017 11:01,11/6/2017 11:01,0,,,,,,,,,,,,,,,,,,,,,,,,,,,,,,,,,,,,,,,,,,,,,,,,,,,,,,,,,,,,,,,,,,,,,,,,,,,,,,,,,,,,,,,,,,,,,,,,,,,,,,,,,,,,,,,,,,,,,,,,,,,,,,,,,,,,,,,,,,,,,,,,,,,,
R_3PLELfH2KafSeOV,54.240.196.187,11/6/2017 11:02,11/6/2017 11:13,0,4,2,4,4,4,3,4,3,4,3,AZ,1,0,0,0-1 years,7,Passive,,0,0,1,0,1,1,0,0,0,,Improving,5,5,5,5,5,5,5,5,4,4,5,4,4,5,5,3,5,4,,,,,,,,,,,,,,,,,,,,,,,,,,,,,,,,,,,,,,,,,,,,,,,,,,,,,,,,,,,,,,,,,,,,,,,,,,,,,,,,,,,,,,,,,,,,,,,,,,,,,
R_1LHXORRPRCpee5R,66.162.170.174,11/6/2017 11:03,11/6/2017 11:14,0,3,1,3,4,4,3,3,2,4,4,TX,0,1,1,0-1 years,8,Passive,Needs a more competitive package.,1,0,0,0,0,0,1,0,0,,NoChange,4,5,5,5,5,5,5,5,5,5,4,4,4,5,5,5,5,5,3,4,3,2,2,2,3,5,3,3,4,4,4,4,4,4,4,4,4,4,4,4,Worse,,,,,,5,2,1,1,1,1,1,1,1,1,1,1,1,1,1,1,1,2,1,2,1,1,1,1,1,1,1,1,2,2,1,1,1,1,1,1,1,1,1,1,1,1,1,1,1,1,1,1,1,0,0,0,0,0,1,No additional comments at this time.,1,0,0,0,1,1,0,0,Often,Seldom,Often,Often,Often,Never,,Never,
R_2v2LuzYcRZji7fE,108.7.59.250,11/6/2017 11:17,11/6/2017 11:18,0,,,,,,,,,,,NV,,,,,,,,,,,,,,,,,,,,,,,,,,,,,,,,,,,,,,,,,,,,,,,,,,,,,,,,,,,,,,,,,,,,,,,,,,,,,,,,,,,,,,,,,,,,,,,,,,,,,,,,,,,,,,,,,,,,,,,,,,,,,,,,,,,,,,,,,
R_3qe8kHfrkzpXb4W,12.187.231.114,11/6/2017 11:13,11/6/2017 11:23,0,5,4,5,3,5,3,4,4,5,3,AZ,1,0,0,1-2 years,8,Passive,Salt Lake is known for its IT workforce.,1,1,0,0,0,1,0,0,0,,Donot Know,4,4,4,4,4,4,4,4,4,4,4,3,4,5,4,3,4,4,3,3,3,3,4,3,3,3,3,4,4,4,3,5,3,3,3,4,1,1,2,2,,1,3,2,5,4,5,1,1,1,1,1,1,1,1,1,1,1,1,1,1,1,2,2,1,1,1,1,2,1,1,1,1,1,1,1,1,2,1,1,1,1,1,1,1,1,1,1,1,1,1,1,1,1,2,1,1,1,0,1,0,,1,1,0,1,1,1,0,0,Seldom,Never,Seldom,Seldom,Seldom,Seldom,,Seldom,
R_xlT7SLalIlJdqDL,199.52.13.132,11/6/2017 11:18,11/6/2017 11:30,0,5,3,3,3,3,2,5,3,4,3,TX,0,1,0,0-1 years,10,Promoter,"Utah has policies and programs specifically designed to attract the sector that I specialize in, Financial Services / FinTech, and also has a very business friendly approach and an excellent, productive, well educated multi-lingual workforce.  It is easy to do business with Utah and companies have been very satisfied with the results.",0,0,1,0,0,1,0,0,0,,Improving,2,2,2,3,3,3,4,4,3,5,5,2,3,5,4,2,4,4,3,3,4,4,4,4,4,5,4,4,5,5,4,5,4,3,4,4,4,4,3,3,Better,3,4,1,5,2,5,1,1,1,1,1,1,1,1,1,2,1,1,1,1,1,1,1,1,1,1,1,1,1,1,1,1,1,1,1,2,1,1,1,2,1,1,1,1,1,1,1,1,1,2,1,2,1,1,1,0,0,1,1,1,"Responsiveness of eco dev officials to companies, willingness to be flexible and customize results to meet the specific needs of each client.  Ability to follow through on promised results.  Fast turnaround - avoidance of major delays.",0,1,0,1,0,0,0,0,Never,Never,Never,Never,Seldom,Never,Often,Never,"Availability of incentives and ease in accessing programs; tax laws / single sales factor and/or ability of the state to work with the company to meet its corporate goals are the most important after selecting for the labor pool / skill sets and appropriate real estate, time zone and locational factors."
R_WfzUpvnJOwKTT1f,38.140.254.98,11/6/2017 11:29,11/6/2017 11:35,0,4,2,5,4,3,4,3,4,4,3,TX,0,1,1,0-1 years,7,Passive,,0,1,0,0,0,0,0,0,0,,NoChange,,,,,,,,,,,,,,,,,,,,,,,,,,,,,,,,,,,,,,,,,,,,,,,,,,,,,,,,,,,,,,,,,,,,,,,,,,,,,,,,,,,,,,,,,,,,,,,,,,,,,,,,,,,,,,,,,,,,,,,
R_1rqoRxdvGCfokZZ,76.79.215.74,11/6/2017 11:27,11/6/2017 11:47,0,3,2,4,4,3,3,5,3,5,3,CA,0,1,1,3-4 years,8,Passive,good skills,0,0,0,0,1,1,0,0,0,,NoChange,4,4,3,3,3,4,4,4,4,4,5,3,4,5,3,3,3,4,2,2,3,2,3,4,4,4,4,4,4,4,4,4,3,2,3,4,1,1,1,1,,,,,,,5,1,1,1,1,1,1,1,1,1,1,1,1,1,1,1,1,2,1,1,1,1,1,1,1,1,1,1,1,1,1,1,1,1,1,1,1,1,1,1,1,1,1,1,1,1,1,1,1,0,0,0,0,1,0,,0,1,0,0,0,0,0,0,Often,Never,Seldom,Never,Seldom,Seldom,,Seldom,
R_22yaaDspDFaDkFu,107.77.205.174,11/6/2017 11:42,11/6/2017 11:54,0,4,2,4,4,4,4,4,3,5,4,TX,0,1,1,0-1 years,5,Detractor,End user - don't represent clients,1,1,1,0,1,0,0,1,0,,Improving,5,4,4,4,4,4,4,4,3,5,5,4,4,5,4,3,4,3,2,3,3,4,3,4,2,4,3,3,3,4,3,4,4,2,4,4,2,1,1,2,,5,1,2,4,3,1,1,1,1,1,1,1,1,1,1,1,1,1,1,1,1,1,2,1,1,1,1,1,1,1,1,1,1,1,1,1,2,1,1,2,1,1,1,2,1,1,1,1,1,1,1,1,1,1,,,,,,,,0,0,0,1,1,1,0,0,Often,Never,Seldom,Seldom,Never,Never,,Never,
R_1Hb5gAgRVhlUNGN,12.217.123.2,11/6/2017 11:32,11/6/2017 12:00,0,4,2,4,,4,3,4,2,4,4,TX,0,1,0,0-1 years,5,Detractor,"For clients needing a business friendly location in the West US, Utah is often discussed as an option.  However, for industrial projects in particular, the state is not always in the most favorable location with respect to logistics.  Proximity to suppliers and customers in California and Texas is a often a key consideration.  ",1,0,1,0,1,0,1,0,0,,Improving,5,4,3,4,4,2,3,4,4,5,4,3,3,5,4,3,3,3,2,3,4,4,4,3,4,4,3,4,4,4,3,4,4,2,3,3,2,2,2,3,Same,1,2,5,4,3,3,1,1,1,1,1,1,1,1,1,1,1,1,1,1,1,1,1,2,1,1,1,1,1,1,1,1,1,2,2,1,1,2,1,1,2,1,1,1,1,1,1,1,1,1,1,1,1,1,1,1,1,1,1,0,,0,0,0,0,1,0,0,0,Seldom,Seldom,Seldom,Never,Seldom,Seldom,,Seldom,
R_1MR703uRwv04zXi,209.194.200.254,11/6/2017 11:35,11/6/2017 12:01,0,4,2,4,3,3,4,4,4,4,3,TX,0,0,1,1-2 years,7,Passive,Perception of a good business climate.,0,1,0,1,0,1,0,0,0,,Donot Know,4,4,4,5,4,5,5,5,3,4,4,5,5,4,4,3,4,4,4,4,3,3,3,3,3,3,3,3,4,4,3,4,3,4,3,4,3,3,1,3,Donot Know,1,5,2,3,4,4,1,1,1,1,1,1,1,1,1,1,2,2,1,1,1,1,2,1,1,1,1,1,1,1,1,2,2,1,1,1,1,1,1,1,1,1,1,1,1,1,1,1,1,1,1,1,1,1,1,1,1,0,0,0,,1,1,1,1,1,1,1,0,Often,Never,Seldom,Never,Never,Never,,Never,
R_27I0anv2mQYhwNR,148.106.4.240,11/6/2017 11:52,11/6/2017 12:09,0,4,3,5,4,3,4,4,4,4,3,CO,0,1,0,0-1 years,5,Detractor,Lack of knowledge about the diverse economy.  Most of the relocation and or expansions need synergy for their company.,1,1,1,1,1,1,1,0,0,,Donot Know,5,5,5,5,5,4,5,5,4,3,4,5,4,4,4,4,4,3,3,3,3,3,3,3,3,3,3,3,3,4,4,4,3,3,3,3,3,2,2,3,Same,,,,,,5,1,1,1,1,1,1,1,1,1,1,1,1,1,1,1,1,2,1,1,1,1,1,1,2,1,1,1,1,1,2,2,1,1,1,1,1,1,1,1,1,1,1,1,1,1,1,1,1,0,1,1,0,1,0,,0,1,1,1,1,1,0,1,Seldom,Never,Seldom,Seldom,Seldom,Seldom,,Seldom,Current Business climate - favorable or not.  Cooperation amongst the business and politicians. 
R_2tb2ZiMtUfRnpiK,198.134.51.40,11/6/2017 12:23,11/6/2017 12:23,0,,,,,,,,,,,,,,,,,,,,,,,,,,,,,,,,,,,,,,,,,,,,,,,,,,,,,,,,,,,,,,,,,,,,,,,,,,,,,,,,,,,,,,,,,,,,,,,,,,,,,,,,,,,,,,,,,,,,,,,,,,,,,,,,,,,,,,,,,,,,,,,,,,,,
R_2BamaSHzEvSEJNT,73.63.54.228,11/6/2017 12:16,11/6/2017 12:30,0,4,3,5,3,5,3,5,4,5,2,NV,0,1,1,0-1 years,10,Promoter,home bias :),1,1,0,1,1,1,1,0,0,,Improving,3,4,3,3,4,4,4,4,3,5,4,4,3,4,4,4,3,3,4,5,3,4,4,5,4,4,3,2,4,5,4,3,4,3,3,4,4,4,4,4,Better,1,3,2,4,5,4,1,1,1,1,1,1,1,1,2,2,2,1,1,1,1,1,2,1,1,1,1,1,1,1,1,1,1,1,1,1,1,1,1,1,1,1,1,1,1,1,1,1,1,1,2,1,1,1,1,0,1,0,1,1,transparency in community partnerships,0,1,1,1,1,1,0,1,Never,Never,Never,Never,Never,Seldom,,Never,
R_2qCoIHWzwpTvQt4,73.24.5.0,11/6/2017 13:39,11/6/2017 13:50,0,4,1,3,3,4,2,4,2,4,3,AZ,0,1,1,1-2 years,8,Passive,"average labor costs, good business climate, excellent secondary and postsecondary schools, perceived geographically center for western freight shipments",0,0,1,1,0,1,1,0,0,,Donot Know,2,3,3,3,3,3,4,4,5,5,4,1,1,4,3,3,4,5,2,3,3,2,2,3,4,4,3,4,3,4,3,5,3,3,3,5,2,2,2,2,,1,2,4,3,5,0,1,1,1,1,1,1,1,1,1,1,1,1,1,1,1,1,1,1,1,1,1,1,1,1,1,1,1,1,2,1,1,1,1,1,2,1,2,1,1,1,1,1,1,1,1,1,1,1,1,1,1,1,1,0,,0,0,0,0,1,1,0,0,Never,Never,Often,Never,Never,Never,,Seldom,
R_2fx16MflTmYOhvY,108.232.152.81,11/6/2017 13:46,11/6/2017 14:02,0,4,2,2,2,3,3,4,2,4,3,AZ,0,1,0,1-2 years,7,Passive,My experience with the Economic Development Corporation of Utah was great.  I would recommend Utah as a great location for investment.,1,1,0,1,0,1,0,1,0,,Improving,4,5,3,4,3,5,5,5,3,4,3,2,3,5,4,3,4,4,3,4,3,4,3,4,4,5,3,3,4,5,4,5,3,4,2,4,3,3,3,3,Worse,2,5,1,3,4,5,1,1,1,1,1,1,1,1,1,1,1,1,1,1,1,1,1,2,1,1,1,1,1,1,1,1,1,1,2,1,2,2,1,1,1,1,1,1,1,1,1,1,1,1,1,1,1,2,1,1,1,1,1,0,,0,1,0,1,1,0,0,0,Seldom,Never,Seldom,Never,Seldom,Often,,Seldom,
R_2VdsSFyLoIkqwGP,68.228.95.250,11/6/2017 14:03,11/6/2017 14:12,0,4,2,4,4,4,3,5,3,5,4,TX,0,1,0,0-1 years,7,Passive,Labor Force quality and availability,0,1,1,1,1,1,0,1,0,,NoChange,,,,,,,,,,,,,,,,,,,,,,,,,,,,,,,,,,,,,,,,,,,,,,,,,,,,,,,,,,,,,,,,,,,,,,,,,,,,,,,,,,,,,,,,,,,,,,,,,,,,,,,,,,,,,,,,,,,,,,,
R_3Ms5KecjwcnfnnD,66.232.193.206,11/6/2017 14:17,11/6/2017 14:32,0,4,1,3,4,3,2,5,2,5,3,TX,0,1,0,More than 5 years ago,9,Promoter,Good past experience there; research,0,1,0,0,1,1,0,1,0,,Improving,4,4,4,5,4,4,5,5,4,3,3,3,3,5,4,4,4,3,3,3,3,4,3,3,4,5,4,4,4,4,3,4,3,3,3,4,3,3,3,3,Same,1,5,2,4,3,5,1,1,1,1,1,1,1,1,1,1,1,1,1,1,1,2,2,1,1,1,1,1,1,1,1,1,1,1,2,1,2,1,1,2,1,1,1,1,1,1,1,1,1,1,1,1,1,1,1,1,1,1,1,0,,1,1,0,1,1,1,1,0,Never,Seldom,Never,Seldom,Often,Seldom,,Never,
R_0TijL81tkX5DaRr,67.2.250.223,11/6/2017 14:56,11/6/2017 15:14,0,4,1,5,3,2,2,3,2,4,3,CO,0,1,0,0-1 years,5,Detractor,"Few fortune 400 corporate headquarters.  Costs equal or more than larger metro areas.  Few incentives to offset higher costs...incentives comparatively low in value and much more complicated process  than competing states.   HOWEVER, great productive work force.  Excellent quality of life and place to live/raise a family.   Good accessibility.   ",0,0,0,0,1,1,0,0,0,,NoChange,5,4,4,3,4,4,4,4,3,5,5,3,4,5,3,3,4,3,4,4,3,4,3,2,4,3,4,3,3,5,3,5,4,3,3,4,4,3,1,1,Worse,1,3,2,4,5,5,1,1,1,1,1,1,1,1,1,1,2,2,1,1,1,2,1,1,1,1,1,1,1,1,2,1,1,1,1,2,1,1,1,1,1,1,1,1,1,1,1,1,1,1,1,1,1,1,1,0,0,1,1,0,,0,1,0,1,1,0,0,0,Never,Never,Never,Never,Often,Often,,Seldom,
R_1nOVpU4iIfQSFzL,74.217.93.211,11/6/2017 18:10,11/6/2017 18:18,0,4,3,3,3,3,3,4,4,4,3,TX,0,1,0,1-2 years,7,Passive,"Business climate around the Salt Lake metro area is attractive, but continued concerns about the availability and tightening of the labor market. ",0,0,1,1,0,1,0,0,0,,NoChange,5,4,3,4,3,4,4,4,4,5,4,3,4,5,5,3,5,4,3,4,3,3,2,3,3,4,4,4,4,5,4,3,3,2,3,3,2,2,2,2,,4,1,2,3,5,4,1,1,1,1,1,1,1,1,1,1,1,1,1,1,1,1,1,1,1,1,1,1,1,1,1,1,1,2,1,1,2,2,2,1,1,1,1,1,1,1,1,1,1,1,1,1,1,1,1,1,0,1,1,0,,0,0,1,0,1,0,0,0,Often,Never,Often,Never,Seldom,Seldom,,Often,
R_3QYo5m7mcGMgoll,96.245.80.63,11/7/2017 8:15,11/7/2017 8:28,0,4,1,3,5,5,2,5,2,5,2,TX,0,0,1,Never,10,Promoter,"Seems like great access, good quality of life",1,0,0,0,0,1,0,0,0,,Improving,3,4,2,2,2,3,3,3,5,5,4,4,3,5,4,4,4,3,3,4,4,4,4,3,3,4,4,4,4,5,5,4,3,4,3,4,1,1,1,1,,1,5,4,2,3,3,1,1,1,1,1,1,1,1,1,1,1,1,1,1,1,1,2,1,1,1,1,1,1,1,1,2,1,1,1,2,1,1,1,1,2,2,1,1,1,1,1,1,1,1,1,1,1,1,1,1,1,1,1,0,,0,0,0,0,1,1,0,0,Never,Never,Never,Never,Seldom,Often,,Never,
R_3RqNjpEZ0cnI2N7,66.162.170.174,11/7/2017 8:23,11/7/2017 8:29,0,4,2,4,5,3,4,5,4,5,3,UT,0,1,0,0-1 years,10,Promoter,quality workforce and business attitude,0,0,0,0,0,0,1,1,0,,NoChange,4,4,3,4,4,4,4,4,5,5,5,4,4,5,4,3,4,4,4,3,3,3,3,3,3,4,4,4,4,4,4,5,3,3,3,3,4,4,4,4,Same,1,4,3,2,5,5,2,1,1,1,1,1,1,1,1,1,1,1,1,1,1,1,1,1,2,1,1,1,1,1,1,1,2,2,1,1,2,1,1,1,1,1,1,1,1,1,1,1,1,1,1,1,1,1,0,1,1,1,1,0,,0,0,0,0,1,1,0,0,Seldom,Never,Often,Seldom,Seldom,Never,,Never,
R_2aG0Y8BhvZElh3j,208.102.43.167,11/7/2017 11:14,11/7/2017 11:28,0,3,1,2,4,3,1,4,1,5,2,TX,0,1,0,3-4 years,7,Passive,Aggressive marketing efforts.,1,0,0,0,0,0,1,1,0,,Donot Know,4,5,4,4,4,5,5,5,4,5,4,3,3,5,4,4,4,4,3,3,3,3,3,3,3,3,3,3,3,4,4,3,4,2,4,3,3,3,3,3,Donot Know,1,4,2,3,5,5,1,1,1,1,1,1,1,1,1,1,1,1,1,1,1,1,2,1,1,1,1,1,1,1,1,1,1,1,2,1,2,2,1,2,1,1,1,1,1,1,1,1,1,1,1,1,1,1,1,1,1,1,1,0,,1,0,1,1,1,1,1,0,Seldom,Never,Often,Seldom,Seldom,Seldom,,Seldom,
R_1ohhxIco1zWrz2Y,71.52.76.87,11/7/2017 16:11,11/7/2017 16:16,0,4,4,4,3,4,4,3,3,5,2,,,,,,,,,,,,,,,,,,,,,,,,,,,,,,,,,,,,,,,,,,,,,,,,,,,,,,,,,,,,,,,,,,,,,,,,,,,,,,,,,,,,,,,,,,,,,,,,,,,,,,,,,,,,,,,,,,,,,,,,,,,,,,,,,,,,,,,,,,
R_dbOTRvOkGRKm44V,198.134.93.254,11/7/2017 0:16,11/8/2017 9:22,0,4,2,4,4,4,4,4,4,4,4,TX,0,1,1,3-4 years,9,Promoter,UT is a business friendly state with a growing technology sector,0,0,0,0,1,1,0,0,0,,Improving,4,4,4,4,4,4,4,4,5,5,5,3,3,5,4,4,4,4,4,4,3,3,3,3,3,4,4,4,4,5,3,4,4,4,4,4,3,3,3,3,Same,1,4,3,2,5,3,1,1,1,1,1,1,1,1,1,1,1,1,1,1,1,1,2,1,1,1,1,1,1,1,1,1,1,1,1,1,1,1,2,2,1,1,1,1,1,1,1,1,1,1,1,1,1,1,1,0,0,0,1,0,,1,1,0,1,0,0,1,0,Seldom,Seldom,Seldom,Never,Never,Never,,Never,
R_2TT1POmGf3e73tR,108.239.57.244,11/7/2017 5:35,11/8/2017 21:16,0,4,3,4,4,4,3,4,4,5,4,TX,0,1,0,3-4 years,7,Passive,"Good state,high measurable work ethic!!",1,1,1,1,1,1,1,1,1,Customer Service Operations / ,Donot Know,3,3,3,4,4,4,4,4,5,4,5,3,4,5,4,4,4,4,3,3,4,4,4,3,3,3,4,4,4,4,4,4,3,4,3,4,2,2,2,3,Worse,4,3,1,5,2,2,1,1,1,1,1,1,1,1,1,1,1,1,1,1,1,1,2,1,1,1,1,1,2,1,1,1,1,1,1,1,2,2,1,2,1,1,1,1,1,1,1,1,1,1,1,1,1,1,0,0,1,0,1,1,Highest Level of Government involved,1,0,0,1,1,0,1,0,Seldom,Never,Seldom,Seldom,Seldom,Seldom,Often,Seldom,Minimum Wage Pending Laws
R_12rvvUKppJGTwi0,174.205.9.218,11/9/2017 3:47,11/9/2017 3:48,0,4,4,5,4,5,4,5,5,5,4,,,,,,,,,,,,,,,,,,,,,,,,,,,,,,,,,,,,,,,,,,,,,,,,,,,,,,,,,,,,,,,,,,,,,,,,,,,,,,,,,,,,,,,,,,,,,,,,,,,,,,,,,,,,,,,,,,,,,,,,,,,,,,,,,,,,,,,,,,
R_1FPugfdkd8Vgbno,207.236.215.98,11/9/2017 7:38,11/9/2017 8:11,0,4,5,5,3,4,4,4,3,3,3,AZ,1,0,0,Never,2,Detractor,,0,0,0,0,0,0,1,0,1,,Improving,4,4,4,3,4,4,5,3,5,4,4,4,2,4,4,3,4,4,4,4,5,4,5,5,5,3,3,3,4,4,2,3,4,2,4,3,1,1,1,2,,1,5,2,3,4,5,1,1,1,1,1,1,1,1,1,1,1,1,1,1,1,1,2,1,1,1,1,1,1,2,1,1,1,1,1,1,1,1,1,2,2,1,1,1,1,1,1,1,1,1,1,1,1,1,,,,,,,,,,,,,,,,,,,,,,,,
R_3F23JDRJsNzeDZE,155.201.34.242,11/9/2017 7:56,11/9/2017 8:05,0,4,5,4,3,3,3,4,4,5,3,UT,0,1,0,0-1 years,8,Passive,"Great Universities, space to expand, and great credit rating.",0,0,0,1,0,0,0,0,0,,Improving,3,3,3,4,4,5,3,4,2,4,4,4,3,5,3,2,3,4,2,3,4,5,4,3,4,4,4,3,4,4,3,4,4,2,4,3,2,2,1,1,,4,1,3,2,5,1,1,1,1,1,1,1,1,2,2,1,1,1,1,1,1,1,2,1,1,1,1,1,1,1,1,1,1,1,1,2,1,1,1,1,1,1,1,1,2,1,1,1,1,1,1,1,1,1,0,0,0,1,1,0,,0,1,0,1,1,0,0,0,Seldom,Never,Never,Never,Seldom,Seldom,,Never,
R_29p1mWvcfddPVEW,74.217.93.204,11/9/2017 8:37,11/9/2017 8:38,0,,,,,,,,,,,,,,,,,,,,,,,,,,,,,,,,,,,,,,,,,,,,,,,,,,,,,,,,,,,,,,,,,,,,,,,,,,,,,,,,,,,,,,,,,,,,,,,,,,,,,,,,,,,,,,,,,,,,,,,,,,,,,,,,,,,,,,,,,,,,,,,,,,,,
R_vTgl759gloJJnyh,76.8.91.242,11/6/2017 11:02,11/9/2017 9:05,0,3,3,4,4,4,3,4,4,4,3,CO,0,1,1,2-3 years,7,Passive,Quality of life / Workforce quality / Manageable tax environment,0,1,1,1,1,0,0,0,0,,Donot Know,4,4,3,3,3,4,4,4,4,4,4,4,4,4,4,3,4,4,3,3,3,3,3,3,3,4,3,3,4,4,4,4,4,3,4,4,3,3,3,4,Same,1,4,2,5,3,5,1,1,1,1,1,1,1,1,1,1,1,1,1,1,1,1,2,1,1,1,1,1,1,2,1,1,1,1,2,1,1,1,2,1,1,1,1,1,2,1,1,1,1,1,1,1,1,1,1,1,1,0,0,0,,0,1,1,1,0,0,0,0,Never,Never,Seldom,Never,Never,Never,,Seldom,
R_31F0FnXwIk7kVNR,107.213.192.195,11/9/2017 9:13,11/9/2017 9:14,0,,,,,,,,,,,,,,,,,,,,,,,,,,,,,,,,,,,,,,,,,,,,,,,,,,,,,,,,,,,,,,,,,,,,,,,,,,,,,,,,,,,,,,,,,,,,,,,,,,,,,,,,,,,,,,,,,,,,,,,,,,,,,,,,,,,,,,,,,,,,,,,,,,,,
R_1k1vkcLQ4yEJgFo,199.207.253.96,11/9/2017 13:09,11/9/2017 13:09,0,,,,,,,,,,,,,,,,,,,,,,,,,,,,,,,,,,,,,,,,,,,,,,,,,,,,,,,,,,,,,,,,,,,,,,,,,,,,,,,,,,,,,,,,,,,,,,,,,,,,,,,,,,,,,,,,,,,,,,,,,,,,,,,,,,,,,,,,,,,,,,,,,,,,
R_rrQy4zBLyoQThPH,208.68.247.250,11/9/2017 13:15,11/9/2017 13:26,0,5,2,3,3,3,4,4,4,5,3,TX,0,1,1,1-2 years,8,Passive,"Good quality of life, good workforce, responsive Economic Development team.",1,1,1,1,0,1,1,1,0,,Improving,4,4,3,3,2,5,5,5,3,4,4,5,3,4,4,3,4,5,4,4,4,4,4,4,4,5,5,5,5,5,4,5,4,4,4,5,4,3,3,4,Better,,,,,,5,1,1,1,1,1,1,1,1,1,1,1,1,1,1,1,1,2,1,1,1,1,1,1,1,1,1,1,1,1,1,1,1,1,2,1,1,1,1,1,1,1,1,1,1,1,1,1,1,0,1,0,1,1,0,,0,0,1,1,1,1,1,0,Seldom,Never,Seldom,Never,Never,Never,,Seldom,
R_2PmK93uWnLlz2xN,174.199.16.181,11/9/2017 14:16,11/9/2017 14:17,0,,,,,,,,,,,,,,,,,,,,,,,,,,,,,,,,,,,,,,,,,,,,,,,,,,,,,,,,,,,,,,,,,,,,,,,,,,,,,,,,,,,,,,,,,,,,,,,,,,,,,,,,,,,,,,,,,,,,,,,,,,,,,,,,,,,,,,,,,,,,,,,,,,,,
R_3OpmJo0ykD44YGR,174.239.5.64,11/9/2017 14:18,11/9/2017 14:18,0,,,,,,,,,,,,,,,,,,,,,,,,,,,,,,,,,,,,,,,,,,,,,,,,,,,,,,,,,,,,,,,,,,,,,,,,,,,,,,,,,,,,,,,,,,,,,,,,,,,,,,,,,,,,,,,,,,,,,,,,,,,,,,,,,,,,,,,,,,,,,,,,,,,,
R_AHT51qbezygwmPv,174.199.16.250,11/9/2017 14:17,11/9/2017 14:25,0,4,4,4,4,4,4,4,5,4,4,TX,0,1,1,3-4 years,8,Passive,,0,0,1,0,0,1,0,0,0,,Donot Know,3,3,4,4,4,4,5,5,4,4,4,4,4,4,3,4,3,4,4,3,3,4,4,3,3,4,4,4,4,4,4,4,4,3,4,4,4,4,3,4,Same,2,4,1,3,5,4,1,1,1,1,1,1,1,1,1,1,1,1,1,1,2,2,1,1,1,1,1,1,1,1,1,1,1,1,1,1,1,1,1,1,1,1,2,1,2,1,1,1,1,1,1,1,1,2,0,1,1,0,1,0,,0,0,1,1,1,1,0,0,Seldom,Seldom,Never,Seldom,Seldom,Seldom,Never,Never,
R_e4zimkf5bch3MZj,198.134.52.72,11/9/2017 11:07,11/9/2017 14:34,0,4,3,4,4,3,3,4,3,4,4,TX,0,1,1,0-1 years,10,Promoter,Great workforce and very helpful State/local governments and supportive economic development groups.,0,0,1,0,0,0,1,0,0,,Donot Know,4,4,3,4,4,4,4,4,4,5,5,3,3,5,3,4,3,4,,,,,,,,,,,,,,,,,,,,,,,,,,,,,,,,,,,,,,,,,,,,,,,,,,,,,,,,,,,,,,,,,,,,,,,,,,,,,,,,,,,,,,,,,,,,,,,,,,,,,
R_2aCCk9l9TUOBFzq,72.54.86.205,11/9/2017 14:25,11/9/2017 14:35,0,4,2,4,4,4,3,5,3,5,3,TX,0,1,1,0-1 years,8,Passive,"Skilled labor force, available real estate, good environment",0,0,1,0,0,0,1,0,1,Call centers,Improving,3,4,3,4,4,3,3,4,5,4,5,4,4,5,4,4,3,3,4,4,4,4,4,4,4,4,4,4,4,5,4,5,4,4,4,4,2,2,1,1,,5,3,2,1,4,0,,,,,,,,,,,,,,,,,,,,,,,,,,,,,,,,,,,,,,,,,,,,,,,,,,,,,,,,,,,,,,,,,,,,,,,,
R_3Gq9y3uHqIVk1EQ,70.197.78.98,11/9/2017 14:19,11/9/2017 14:35,0,4,1,4,4,5,3,4,3,4,3,TX,0,1,1,3-4 years,8,Passive,Very business friendly and quality workforce ,1,0,0,1,1,1,0,0,0,,Donot Know,3,4,2,2,2,3,4,4,3,3,4,4,3,5,4,3,3,4,4,4,3,4,4,4,4,4,3,3,4,5,4,4,4,4,4,5,1,1,1,1,,1,4,2,3,5,0,1,1,1,1,1,1,1,1,2,1,1,1,1,1,1,1,2,1,1,1,1,1,1,1,1,1,2,1,1,1,1,1,1,1,1,1,1,1,1,1,1,1,1,1,1,1,1,1,1,0,0,1,1,0,,0,0,1,1,0,0,0,0,Never,Never,Never,Never,Never,Never,,Never,
R_32JuyYYYDgGLqx1,172.58.19.189,11/9/2017 14:22,11/9/2017 14:35,0,5,2,5,4,4,3,5,4,4,3,AZ,0,1,1,More than 5 years ago,8,Passive,"Strong labor force, quality of life. Affordable wages.",1,0,0,0,1,1,0,0,0,,Improving,3,3,5,4,4,5,4,5,3,4,4,5,5,5,4,3,4,4,3,3,3,4,3,4,4,4,3,4,5,5,5,5,4,3,3,5,1,1,1,2,,1,2,3,5,4,3,1,1,1,1,1,1,1,1,2,2,2,1,1,1,1,1,1,1,1,1,1,1,1,1,1,1,1,1,1,1,1,1,1,1,1,1,1,1,1,1,1,1,1,1,1,1,1,1,0,1,0,0,1,0,,1,0,0,0,1,0,0,0,Seldom,Never,Seldom,Never,Never,Never,,Seldom,
R_2QLeLaj6oj6gGKZ,24.114.86.20,11/9/2017 14:24,11/9/2017 14:39,0,3,4,3,4,4,5,3,5,5,3,TX,0,1,0,1-2 years,4,Detractor,"Most of the investment projects I work on are market driven. Compared to other states, Utah is not where most of my clients’ customer bases are. ",0,1,0,0,0,0,0,0,0,,Donot Know,5,3,2,4,2,2,2,4,4,4,4,1,1,4,3,3,3,3,3,3,3,4,4,3,3,3,3,3,4,5,5,3,3,2,3,3,1,1,1,2,,1,4,2,3,5,5,1,1,1,1,1,1,1,1,1,1,1,1,1,1,1,1,2,1,1,1,1,1,1,2,1,1,1,1,1,1,1,1,1,1,2,1,2,1,2,1,1,1,1,1,1,1,1,1,1,1,1,1,1,0,,0,0,0,0,1,0,0,0,Seldom,Never,Never,Never,Seldom,Seldom,,Never,
R_3FPONvRMCvXbHmC,206.155.89.2,11/9/2017 14:46,11/9/2017 15:30,0,3,2,3,3,4,2,5,3,5,3,TX,0,1,0,0-1 years,9,Promoter,"Good talent, and good work/life balance",0,0,0,0,0,0,1,1,1,Tech,Improving,4,5,4,4,4,5,5,5,4,5,4,4,4,5,5,2,5,4,3,4,3,4,4,4,4,5,4,4,4,4,4,5,4,3,4,5,2,2,2,2,,1,3,2,5,4,3,1,1,1,1,1,1,1,1,2,1,1,1,1,1,1,1,2,1,1,1,1,1,2,1,2,1,1,1,2,1,1,1,1,1,1,1,1,1,1,1,1,1,1,1,1,1,1,1,0,1,1,1,1,0,,0,1,0,0,1,1,0,0,Seldom,Never,Seldom,Never,Seldom,Never,,Never,
R_1E4DweAz19oVz9c,73.246.62.40,11/9/2017 18:00,11/9/2017 18:11,0,4,1,3,3,4,3,3,3,4,3,TX,0,1,0,Never,4,Detractor,I would recommend Utah for an outdoor products. But cannot think of any other industry.  ,0,0,1,0,1,0,0,0,0,,NoChange,3,3,1,3,2,4,5,2,4,4,3,1,2,4,4,2,5,4,2,2,3,2,3,2,2,3,3,3,3,4,3,4,3,3,3,3,2,2,3,3,Same,1,4,5,2,3,1,1,1,1,1,1,1,1,1,1,1,1,1,1,1,1,1,2,1,1,1,1,1,1,1,1,1,1,1,1,1,2,1,2,2,1,1,1,1,2,1,1,1,1,1,1,1,1,1,0,0,0,0,1,0,,1,1,1,1,1,1,1,0,Seldom,Never,Seldom,Seldom,Seldom,Never,,Seldom,
R_yDtV4YTUYnnPxMR,47.48.138.90,11/9/2017 19:43,11/9/2017 19:52,0,3,1,3,3,3,3,3,1,5,3,TX,0,1,0,2-3 years,5,Detractor,,1,0,0,1,0,0,0,0,0,,NoChange,2,3,5,4,5,5,5,5,5,4,5,3,3,5,4,4,3,2,4,3,3,2,2,3,3,4,3,4,3,5,3,4,4,4,3,4,3,3,3,3,Worse,1,2,3,4,5,5,1,1,1,1,1,1,1,1,1,1,1,1,1,1,1,1,2,1,2,1,1,1,1,1,1,1,1,2,2,1,2,1,1,1,1,1,1,1,1,1,1,1,1,1,1,1,1,1,1,0,1,0,1,0,,0,0,0,0,1,1,0,0,Never,Never,Seldom,Never,Often,,,Never,
R_1eCwaRPoFfJN6Rc,47.185.25.128,11/9/2017 10:05,11/10/2017 1:00,0,,,,,,,,,,,,,,,,,,,,,,,,,,,,,,,,,,,,,,,,,,,,,,,,,,,,,,,,,,,,,,,,,,,,,,,,,,,,,,,,,,,,,,,,,,,,,,,,,,,,,,,,,,,,,,,,,,,,,,,,,,,,,,,,,,,,,,,,,,,,,,,,,,,,
R_2axETU7mGWQ9Z5e,170.146.221.73,11/10/2017 6:32,11/10/2017 6:33,0,4,1,3,3,3,3,3,2,4,3,AZ,0,1,0,2-3 years,7,Passive,,,,,,,,,,,,,,,,,,,,,,,,,,,,,,,,,,,,,,,,,,,,,,,,,,,,,,,,,,,,,,,,,,,,,,,,,,,,,,,,,,,,,,,,,,,,,,,,,,,,,,,,,,,,,,,,,,,,,,,,,,,,,,,,,,,
R_1CqgUwI7B0e32ay,66.192.111.82,11/10/2017 9:11,11/10/2017 9:33,0,4,2,4,4,4,4,4,3,5,4,TX,0,0,1,Never,7,Passive,Great Quality of life & education; but far from major markets for clients I’ve worked with.,0,0,1,0,1,0,0,1,0,,NoChange,5,5,5,5,5,2,3,4,1,4,3,4,3,4,4,2,4,4,1,2,5,5,5,4,4,5,3,3,4,5,5,4,4,3,4,4,3,3,3,3,Same,5,2,4,1,3,5,1,1,1,1,1,1,1,1,1,1,1,1,1,1,1,1,2,1,1,1,1,1,1,1,1,1,1,1,1,2,2,1,1,1,1,1,1,1,1,1,1,1,1,1,1,1,1,1,0,0,0,1,0,0,,0,0,0,1,1,0,0,0,Never,Never,Seldom,Never,Never,Never,,Seldom,
R_e9UOqIdeRQgVSTL,107.77.207.168,11/10/2017 11:39,11/10/2017 11:39,0,,,,,,,,,,,,,,,,,,,,,,,,,,,,,,,,,,,,,,,,,,,,,,,,,,,,,,,,,,,,,,,,,,,,,,,,,,,,,,,,,,,,,,,,,,,,,,,,,,,,,,,,,,,,,,,,,,,,,,,,,,,,,,,,,,,,,,,,,,,,,,,,,,,,
R_3QYsuSgBi8Ug9Qw,155.201.35.107,11/9/2017 15:22,11/10/2017 14:19,0,5,4,4,3,3,4,5,2,4,4,AZ,0,1,1,1-2 years,8,Passive,It is a great location but the Strategic Development Fund does not always apply and our clients often do not need the tax credits.,0,0,1,0,0,1,0,1,0,,Improving,4,4,3,5,5,5,5,5,3,4,5,3,2,5,3,1,3,3,,,,,,,,,,,,,,,,,,,,,,,,,,,,,,,,,,,,,,,,,,,,,,,,,,,,,,,,,,,,,,,,,,,,,,,,,,,,,,,,,,,,,,,,,,,,,,,,,,,,,
R_ZwS2EmkuCnznTKV,64.3.59.130,11/10/2017 14:46,11/10/2017 14:58,0,3,2,4,3,3,2,4,3,4,4,CO,0,0,1,0-1 years,7,Passive,"Been to Utah for vacation and I was impressed by the quality of life and the human factors. Smark, quality workers and good infrastructure.",1,1,1,0,0,1,0,1,0,,Improving,3,4,3,4,4,4,4,5,4,4,4,4,4,5,4,3,3,3,3,3,3,3,3,4,4,4,3,4,4,5,4,4,4,2,3,3,2,2,1,2,,1,5,3,2,4,5,1,1,1,1,1,1,1,1,1,1,1,1,2,1,1,1,1,1,1,1,1,1,1,2,2,1,1,1,1,1,2,1,1,1,1,1,1,1,1,1,1,1,1,1,1,1,1,2,1,1,1,1,1,0,,0,0,1,1,1,1,0,0,Seldom,Never,Often,Never,Never,Seldom,,Never,
R_1Hi6lce7tb51yTV,47.36.35.210,11/10/2017 16:33,11/10/2017 16:37,0,4,5,4,3,4,4,3,4,4,3,CA,1,0,0,Never,0,Detractor,I really don’t have that many clients that are looking to relocate. And those that do are typically focused on a specific labor segment. I really just don’t know much about Utah,0,0,0,0,1,0,0,0,0,,NoChange,3,3,3,4,4,3,2,2,3,3,4,4,4,4,3,3,2,3,,,,,,,,,,,,,,,,,,,,,,,,,,,,,,,,,,,,,,,,,,,,,,,,,,,,,,,,,,,,,,,,,,,,,,,,,,,,,,,,,,,,,,,,,,,,,,,,,,,,,
R_1CDcgVj4FRJTPzn,174.199.2.237,11/9/2017 14:15,11/10/2017 19:02,0,4,2,4,3,4,3,4,4,4,3,TX,0,1,1,0-1 years,7,Passive,dependent on the industry but in general a good fit for West coast company operations who are new to the geography.,1,0,0,0,1,0,1,0,0,,NoChange,5,5,2,3,3,2,2,4,5,5,3,2,3,5,4,3,3,3,2,2,4,4,4,3,4,4,5,3,5,4,4,4,4,4,3,4,4,1,3,4,Same,2,4,3,1,5,5,1,1,1,1,1,1,1,1,1,1,1,1,1,1,1,1,2,1,1,1,1,1,1,1,1,1,1,1,1,1,1,1,2,1,1,1,1,1,1,1,1,1,1,1,1,1,1,1,1,0,1,1,1,0,,0,0,1,1,1,0,0,0,Often,Seldom,Never,Seldom,Often,Seldom,,Often,
R_2AF1x48HwqNZODW,68.99.251.237,11/14/2017 11:13,11/14/2017 11:31,0,4,2,3,4,4,3,4,3,4,4,AZ,0,1,0,3-4 years,8,Passive,"Growing workforce, quality of life, competitive cost structure, attractive for relocating talent  / ",0,0,1,0,1,1,0,0,0,,Improving,3,4,3,3,3,4,5,5,3,4,3,5,5,5,3,1,3,5,3,4,4,4,4,4,4,4,4,4,4,4,5,4,3,3,3,3,4,1,2,3,Better,2,5,1,4,3,5,2,1,1,1,1,1,1,1,1,1,1,1,1,1,1,1,1,1,1,1,1,1,1,1,1,2,1,1,1,1,1,1,2,2,1,1,2,1,1,1,1,1,1,1,1,1,1,1,1,1,0,1,0,1,Strucural flexibility ,1,0,0,1,1,0,0,0,Often,Never,Seldom,Never,Often,Seldom,Often,Seldom,Ease of transportation 
R_2rnZJ4DSdkeTEq8,209.194.200.254,11/15/2017 9:16,11/15/2017 9:25,0,4,2,4,4,4,3,5,3,4,3,AZ,0,0,1,3-4 years,8,Passive,"Great combination of proactive economic development leadership, good business climate and great quality of life.",1,0,1,0,1,0,0,1,0,,Improving,4,3,4,4,4,4,4,4,3,5,4,4,3,5,3,3,3,4,3,3,3,3,3,4,4,4,4,5,4,5,4,4,3,3,3,3,4,3,3,2,Better,1,5,4,2,3,5,1,1,1,1,1,1,1,1,1,1,1,1,1,1,1,1,2,1,1,1,1,1,1,1,1,2,1,2,1,1,1,1,2,1,1,1,2,1,1,1,1,1,1,1,1,1,1,1,1,0,1,1,1,0,,1,1,1,1,1,1,1,0,Seldom,Never,Seldom,Never,Seldom,Seldom,,Seldom,
R_2S2bzFoDSe9aAAA,216.3.153.240,11/15/2017 11:57,11/15/2017 11:58,0,4,5,4,2,3,5,4,5,4,2,,,,,,,,,,,,,,,,,,,,,,,,,,,,,,,,,,,,,,,,,,,,,,,,,,,,,,,,,,,,,,,,,,,,,,,,,,,,,,,,,,,,,,,,,,,,,,,,,,,,,,,,,,,,,,,,,,,,,,,,,,,,,,,,,,,,,,,,,,
R_3gUCKadxmsqk669,208.68.247.153,11/15/2017 7:23,11/15/2017 7:24,0,,,,,,,,,,,,,,,,,,,,,,,,,,,,,,,,,,,,,,,,,,,,,,,,,,,,,,,,,,,,,,,,,,,,,,,,,,,,,,,,,,,,,,,,,,,,,,,,,,,,,,,,,,,,,,,,,,,,,,,,,,,,,,,,,,,,,,,,,,,,,,,,,,,,
R_blt06ROHVAXeCKl,54.240.196.169,11/15/2017 9:47,11/15/2017 9:50,0,3,2,3,3,4,2,4,2,4,3,TX,1,0,0,1-2 years,6,Detractor,,0,0,0,0,0,0,1,0,0,,NoChange,4,4,3,4,4,3,4,4,5,5,5,4,4,5,4,4,3,4,,,,,,,,,,,,,,,,,,,,,,,,,,,,,,,,,,,,,,,,,,,,,,,,,,,,,,,,,,,,,,,,,,,,,,,,,,,,,,,,,,,,,,,,,,,,,,,,,,,,,
R_0oeEpz1bgq9qccV,162.207.184.189,11/16/2017 10:32,11/16/2017 10:42,0,,3,4,4,3,3,4,3,3,3,CA,0,1,0,3-4 years,8,Passive,"For the most part, Utah has skilled workers, reasonable labor and utility costs, available ready sites and buildings, good work ethic.",0,1,0,0,1,0,0,1,0,,Improving,3,4,3,5,3,3,3,4,3,4,3,3,3,5,5,3,4,4,1,3,3,4,3,3,3,4,3,4,4,4,4,4,3,2,4,4,2,1,2,2,,1,3,5,2,4,2,1,1,1,1,1,1,1,1,1,1,2,1,1,1,1,1,2,1,1,1,1,2,1,1,1,1,1,2,1,1,1,1,1,1,1,1,1,1,2,1,1,1,1,1,1,1,1,1,0,1,0,1,1,0,,0,0,0,0,1,1,0,1,Seldom,Seldom,Seldom,Never,Seldom,Seldom,,Seldom,
R_pn6ytbOJBKfZpkd,73.71.19.198,11/6/2017 14:57,11/15/2017 10:53,0,4,1,4,3,4,4,3,4,5,3,TX,0,1,0,More than 5 years ago,5,Detractor,"Depends on client requirements esp with regard to labor market, proximity to clients and transportation ",0,1,0,0,1,0,0,1,0,,Improving,4,5,4,4,4,3,4,4,4,5,5,3,3,5,4,3,4,3,2,2,3,3,4,3,3,4,3,3,3,5,4,4,3,2,3,4,2,1,2,2,,5,4,1,3,2,0,1,1,1,1,1,1,1,1,1,1,1,1,1,1,1,1,2,1,1,1,1,1,1,1,1,1,1,1,1,1,2,2,1,1,1,1,1,1,1,1,1,1,1,1,1,1,1,1,1,0,0,1,0,0,,0,0,0,1,0,0,0,1,Seldom,Never,Seldom,Never,Seldom,Never,,Seldom,
R_2EBn6vuhUxZZwFd,107.77.209.144,11/15/2017 8:14,11/15/2017 8:21,0,4,3,4,4,4,3,5,4,5,5,TX,0,1,0,0-1 years,7,Passive,,1,0,1,1,1,1,0,0,0,,NoChange,5,5,5,4,5,5,5,5,4,4,5,4,4,5,4,5,4,5,4,5,3,4,3,4,4,4,3,3,4,5,4,4,4,4,3,5,4,4,4,4,Same,1,5,3,2,4,5,1,1,1,1,1,1,1,1,1,1,1,1,1,1,1,1,2,1,1,1,1,1,1,1,1,1,1,1,1,2,1,1,2,1,1,1,1,1,1,1,1,1,1,1,1,1,1,1,1,1,1,1,1,0,,1,1,0,1,0,0,1,0,Seldom,Seldom,Seldom,Often,Seldom,Seldom,,Seldom,
R_1JCPkf3Igudf5pO,99.28.89.64,11/15/2017 11:51,11/15/2017 11:51,0,,,,,,,,,,,,,,,,,,,,,,,,,,,,,,,,,,,,,,,,,,,,,,,,,,,,,,,,,,,,,,,,,,,,,,,,,,,,,,,,,,,,,,,,,,,,,,,,,,,,,,,,,,,,,,,,,,,,,,,,,,,,,,,,,,,,,,,,,,,,,,,,,,,,
R_30ohhgosJ7E05yv,73.73.18.148,11/15/2017 12:25,11/15/2017 12:33,0,4,3,4,3,3,3,4,4,5,4,TX,0,1,1,1-2 years,7,Passive,It is dependent upon the business need and type of project.  Utah is not know for manufacturing and distribution projects but is for technology and other office/commercial operations.,0,0,0,0,1,1,0,0,0,,Improving,4,4,4,4,4,4,4,4,4,4,4,4,4,4,4,3,4,3,,,,,,,,,,,,,,,,,,,,,,,,,,,,,,,,,,,,,,,,,,,,,,,,,,,,,,,,,,,,,,,,,,,,,,,,,,,,,,,,,,,,,,,,,,,,,,,,,,,,,
R_2ceCyjV3KlgwGhx,104.184.119.178,11/16/2017 13:55,11/16/2017 14:04,0,3,2,4,3,3,3,4,3,4,3,TX,0,1,1,0-1 years,8,Passive,Basic location and ease of air transport in and out,0,0,1,1,0,1,0,1,0,,Improving,4,3,4,5,5,4,5,5,4,4,5,5,4,5,4,3,4,4,2,2,3,4,3,3,3,5,5,4,3,4,4,5,4,4,3,4,2,2,1,1,,3,4,2,5,1,0,,,,,,,,,,,,,,,,,,,,,,,,,,,,,,,,,,,,,,,,,,,,,,,,,,,,,,,,,,,,,,,,,,,,,,,,
R_ZDXlBIVQ5pmMBYR,205.178.86.90,11/7/2017 13:53,11/13/2017 16:05,0,3,3,4,4,3,4,4,4,4,4,TX,0,1,1,4-5 years,8,Passive,"It is hard to answer how likely in general. It all depends on the client, project and competing states. I gave Utah an 8 because I think it is competitive in most situations and 8 is a well above average score to reflect that.",1,1,1,1,1,1,0,0,0,,NoChange,4,4,3,4,3,3,3,4,4,5,3,3,3,5,4,3,3,5,2,4,3,3,3,3,3,4,3,4,3,4,4,5,3,3,3,5,1,1,2,2,,1,5,2,3,4,,,,,,,,,,,,,,,,,,,,,,,,,,,,,,,,,,,,,,,,,,,,,,,,,,,,,,,,,,,,,,,,,,,,,,,,,
R_tKvJbRVsmwIrURP,147.0.205.30,11/26/2017 15:00,11/26/2017 15:01,0,,,,,,,,,,,,,,,,,,,,,,,,,,,,,,,,,,,,,,,,,,,,,,,,,,,,,,,,,,,,,,,,,,,,,,,,,,,,,,,,,,,,,,,,,,,,,,,,,,,,,,,,,,,,,,,,,,,,,,,,,,,,,,,,,,,,,,,,,,,,,,,,,,,,
R_2X7mHMk0nOTx6hW,38.140.134.250,11/15/2017 8:34,11/15/2017 8:34,0,,,,,,,,,,,,,,,,,,,,,,,,,,,,,,,,,,,,,,,,,,,,,,,,,,,,,,,,,,,,,,,,,,,,,,,,,,,,,,,,,,,,,,,,,,,,,,,,,,,,,,,,,,,,,,,,,,,,,,,,,,,,,,,,,,,,,,,,,,,,,,,,,,,,
R_3jd2mr1rgcJRuLI,141.197.8.183,11/15/2017 7:52,11/15/2017 8:05,0,4,4,4,3,4,2,4,3,4,3,TX,0,1,1,1-2 years,7,Passive,"Good state for business, but proximity to other Western markets is difficult.  Limited water resources for large industrial projects and the Non-Attainment status of Salt Lake City is an issue. Also, the ownership structure of industrial lands and office buildings can be problematic.",1,0,1,1,1,1,1,1,0,,Improving,5,5,3,5,3,3,2,2,3,5,4,3,3,5,5,3,5,3,2,4,2,3,2,4,3,3,3,3,3,3,4,5,3,2,3,3,4,3,3,2,Same,2,5,4,1,3,5,1,1,1,1,1,1,1,1,1,1,1,1,1,1,1,1,1,2,1,1,1,1,1,1,1,1,1,2,2,1,2,1,1,1,1,1,2,1,1,1,1,1,1,1,1,1,1,1,1,0,0,1,1,0,,0,0,1,0,1,1,0,0,Often,Seldom,Often,Never,Seldom,Seldom,,Never,
R_PZGJA1b3XHNi9bz,4.35.222.2,11/15/2017 7:26,,0,4,2,4,3,4,3,3,3,3,4,TX,0,1,0,0-1 years,7,Passive,"The likelihood that I recommend Utah is strictly a function of how it performs against a given client's location criteria and cost drivers.  It is not a personal decision or subjective one.  It depends more on my client's business needs than my personal perceptions and opinion of Utah.  Most of my client's location decisions are driven by their supply chain and logistics considerations, and Utah tends to be a focus on our projects on a less frequent basis than areas closer to larger centers of customer demand in the West.",1,1,0,1,1,0,1,0,0,,Donot Know,5,3,3,4,3,3,3,2,5,4,5,2,3,4,3,3,3,3,2,3,3,3,3,2,3,3,3,3,4,4,4,4,3,2,3,3,1,1,1,1,,3,2,1,4,5,5,1,1,1,1,1,1,1,1,1,1,1,1,1,1,1,1,1,2,1,1,1,1,1,1,1,1,1,2,2,1,2,1,2,1,1,1,1,1,1,1,1,1,1,1,1,1,1,1,1,0,1,0,1,1,Flexibility to adapt to unique project parameters,0,0,1,0,1,1,0,0,Never,Never,Often,Never,Never,Never,,Never,
